"Jugador","Posicion","from","Tipo","caso","to","equipo","id","ex_from","ex_to","B_from","B_to","O_from","O_to","from2","to2"
"Manuel Fernández","Defensa Central","Coquimbo Unido","Traspaso","Altas","Audax Italiano","Audax Italiano",1,FALSE,FALSE,TRUE,FALSE,FALSE,FALSE,"Primera B","Audax Italiano"
"Nicolás Crovetto","Lateral Izquierdo","Coquimbo Unido","Libre","Altas","Audax Italiano","Audax Italiano",1,FALSE,FALSE,TRUE,FALSE,FALSE,FALSE,"Primera B","Audax Italiano"
"Fernando Cornejo","Mediocampista","Cobreloa","Traspaso","Altas","Audax Italiano","Audax Italiano",1,FALSE,FALSE,TRUE,FALSE,FALSE,FALSE,"Primera B","Audax Italiano"
"Juan Leiva","Mediocampista","Universidad de Chile","Libre","Altas","Audax Italiano","Audax Italiano",1,FALSE,FALSE,FALSE,FALSE,FALSE,FALSE,"Universidad de Chile","Audax Italiano"
"Jorge Henríquez","Mediocampista","San Marcos","Vuelve de préstamo","Altas","Audax Italiano","Audax Italiano",1,FALSE,FALSE,TRUE,FALSE,FALSE,FALSE,"Primera B","Audax Italiano"
"Ignacio Jeraldino","Delantero","Unión San Felipe","Cesión","Altas","Audax Italiano","Audax Italiano",1,FALSE,FALSE,TRUE,FALSE,FALSE,FALSE,"Primera B","Audax Italiano"
"Sebastián Silva","Defensa central","Audax Italiano","Fin de contrato","Bajas","Deportes Iberia","Audax Italiano",1,FALSE,FALSE,FALSE,TRUE,FALSE,FALSE,"Audax Italiano","Primera B"
"Hans Martínez","Defensa central","Audax Italiano","Fin de contrato","Bajas","NA","Audax Italiano",1,FALSE,FALSE,FALSE,FALSE,FALSE,TRUE,"Audax Italiano","Otros"
"Sebastián Vegas","Defensa central","Audax Italiano","Traspaso","Bajas","Monarcas Morelia","Audax Italiano",1,FALSE,TRUE,FALSE,FALSE,FALSE,FALSE,"Audax Italiano","Extranjero"
"David Drocco","Mediocampista","Audax Italiano","Fin de contrato","Bajas","Arsenal de Sarandí","Audax Italiano",1,FALSE,TRUE,FALSE,FALSE,FALSE,FALSE,"Audax Italiano","Extranjero"
"César Cortés","Mediocampista","Audax Italiano","Rescisión de contrato","Bajas","Santiago Wanderers","Audax Italiano",1,FALSE,FALSE,FALSE,FALSE,FALSE,FALSE,"Audax Italiano","Santiago Wanderers"
"Alexis Delgado","Mediocampista","Audax Italiano","Rescisión de Contrato","Bajas","Deportes Iberia","Audax Italiano",1,FALSE,FALSE,FALSE,TRUE,FALSE,FALSE,"Audax Italiano","Primera B"
"Camilo Melivilú","Delantero","Audax Italiano","Fin de Contrato","Bajas","Coquimbo","Audax Italiano",1,FALSE,FALSE,FALSE,TRUE,FALSE,FALSE,"Audax Italiano","Primera B"
"Diego Vallejos","Delantero","Audax Italiano","Traspaso","Bajas","Universidad Católica","Audax Italiano",1,FALSE,FALSE,FALSE,FALSE,FALSE,FALSE,"Audax Italiano","Universidad Católica"
"Marcos Riquelme","Delantero","Audax Italiano","Traspaso","Bajas","Bolívar","Audax Italiano",1,FALSE,TRUE,FALSE,FALSE,FALSE,FALSE,"Audax Italiano","Extranjero"
"Agustín Orion","Arquero","Racing Club","Libre","Altas","Colo-Colo","Colo-Colo",2,TRUE,FALSE,FALSE,FALSE,FALSE,FALSE,"Extranjero","Colo-Colo"
"Henry Sanhueza","Defensa","Deportes Antofagasta","Vuelve de Préstamo","Altas","Colo-Colo","Colo-Colo",2,FALSE,FALSE,FALSE,FALSE,FALSE,FALSE,"Deportes Antofagasta","Colo-Colo"
"Óscar Opazo","Lateral Derecho","Santiago Wanderers","Traspaso","Altas","Colo-Colo","Colo-Colo",2,FALSE,FALSE,FALSE,FALSE,FALSE,FALSE,"Santiago Wanderers","Colo-Colo"
"Nicolas Maturana","Mediocampista","Necaxa","Traspaso","Altas","Colo-Colo","Colo-Colo",2,TRUE,FALSE,FALSE,FALSE,FALSE,FALSE,"Extranjero","Colo-Colo"
"Jorge Valdivia","Mediocampista","Al-Wahda","Libre","Altas","Colo-Colo","Colo-Colo",2,TRUE,FALSE,FALSE,FALSE,FALSE,FALSE,"Extranjero","Colo-Colo"
"Justo Villar","Arquero","Colo-Colo","Libre","Bajas","Nacional","Colo-Colo",2,FALSE,TRUE,FALSE,FALSE,FALSE,FALSE,"Colo-Colo","Extranjero"
"Paulo Garcés","Arquero","Colo-Colo","Rescisión de Contrato","Bajas","Deportes Antofagasta","Colo-Colo",2,FALSE,FALSE,FALSE,FALSE,FALSE,FALSE,"Colo-Colo","Deportes Antofagasta"
"Esteban Pavez","Mediocampista","Colo-Colo","Traspaso","Bajas","Clube Atlético Paranaense","Colo-Colo",2,FALSE,TRUE,FALSE,FALSE,FALSE,FALSE,"Colo-Colo","Extranjero"
"Pedro Morales","Volante Ofensivo","Colo-Colo","Fin de Contrato","Bajas","NA","Colo-Colo",2,FALSE,FALSE,FALSE,FALSE,FALSE,TRUE,"Colo-Colo","Otros"
"Mark González","Extremo","Colo-Colo","Rescisión de Contrato","Bajas","NA","Colo-Colo",2,FALSE,FALSE,FALSE,FALSE,FALSE,TRUE,"Colo-Colo","Otros"
"Christian Jelves","Defensa","San Marcos de Arica","Libre","Altas","Curicó Unido","Curicó Unido",3,FALSE,FALSE,TRUE,FALSE,FALSE,FALSE,"Primera B","Curicó Unido"
"Raimundo Rebolledo","Defensa","Universidad Católica","Prestamo","Altas","Curicó Unido","Curicó Unido",3,FALSE,FALSE,FALSE,FALSE,FALSE,FALSE,"Universidad Católica","Curicó Unido"
"Rodrigo Canosa","Defensa","Cerro","Libre","Altas","Curicó Unido","Curicó Unido",3,TRUE,FALSE,FALSE,FALSE,FALSE,FALSE,"Extranjero","Curicó Unido"
"Nicolás Gauna","Volante ofensivo","Colegiales","Libre","Altas","Curicó Unido","Curicó Unido",3,TRUE,FALSE,FALSE,FALSE,FALSE,FALSE,"Extranjero","Curicó Unido"
"Diego Pezoa","Volante Ofensivo","Magallanes","Libre","Altas","Curicó Unido","Curicó Unido",3,FALSE,FALSE,TRUE,FALSE,FALSE,FALSE,"Primera B","Curicó Unido"
"José Luis Silva","Volante Ofensivo","Cobreloa","Cesión","Altas","Curicó Unido","Curicó Unido",3,FALSE,FALSE,TRUE,FALSE,FALSE,FALSE,"Primera B","Curicó Unido"
"Diego Alvarado","Delantero","Magallanes","Libre","Altas","Curicó Unido","Curicó Unido",3,FALSE,FALSE,TRUE,FALSE,FALSE,FALSE,"Primera B","Curicó Unido"
"Gabriel Vargas","Delantero","Patronato","Libre","Altas","Curicó Unido","Curicó Unido",3,TRUE,FALSE,FALSE,FALSE,FALSE,FALSE,"Extranjero","Curicó Unido"
"Francisco Ayala","Lateral Izquierdo","Unión San Felipe","Libre","Altas","Curicó Unido","Curicó Unido",3,FALSE,FALSE,TRUE,FALSE,FALSE,FALSE,"Primera B","Curicó Unido"
"Christopher Díaz","Lateral derecho","Curicó Unido","Préstamo","Bajas","Sin definir","Curicó Unido",3,FALSE,FALSE,FALSE,FALSE,FALSE,TRUE,"Curicó Unido","Otros"
"Matías Canales","Defensa","Curicó Unido","Préstamo","Bajas","Sin definir","Curicó Unido",3,FALSE,FALSE,FALSE,FALSE,FALSE,TRUE,"Curicó Unido","Otros"
"Ignacio Caroca","Volante mixto","Curicó Unido","Fin de contrato","Bajas","Deportes Iquique","Curicó Unido",3,FALSE,FALSE,FALSE,FALSE,FALSE,FALSE,"Curicó Unido","Deportes Iquique"
"Braulio Baeza","Volante mixto","Curicó Unido","Fin de contrato","Bajas","Deportes Iberia","Curicó Unido",3,FALSE,FALSE,FALSE,TRUE,FALSE,FALSE,"Curicó Unido","Primera B"
"René Bugueño","Lateral derecho","Curicó Unido","Fin de contrato","Bajas","Ñublense","Curicó Unido",3,FALSE,FALSE,FALSE,TRUE,FALSE,FALSE,"Curicó Unido","Primera B"
"Mikel Arguinarena","Volante ofensivo","Curicó Unido","Fin de Préstamo","Bajas","Huachipato","Curicó Unido",3,FALSE,FALSE,FALSE,FALSE,FALSE,FALSE,"Curicó Unido","Huachipato"
"Fabián Hormazábal","Delantero","Curicó Unido","Fin de Préstamo","Bajas","Ohiggins","Curicó Unido",3,FALSE,FALSE,FALSE,FALSE,FALSE,FALSE,"Curicó Unido","Ohiggins"
"Josepablo Monreal","Delantero","Curicó Unido","Fin de contrato","Bajas","Dorados de Sinaloa","Curicó Unido",3,FALSE,TRUE,FALSE,FALSE,FALSE,FALSE,"Curicó Unido","Extranjero"
"Leonardo Olivera","Delantero","Curicó Unido","Fin de contrato","Bajas","San Marcos de Arica","Curicó Unido",3,FALSE,FALSE,FALSE,TRUE,FALSE,FALSE,"Curicó Unido","Primera B"
"Javier Elizondo","Delantero","Curicó Unido","Fin de contrato","Bajas","Huracán (Tres Arroyos)","Curicó Unido",3,FALSE,TRUE,FALSE,FALSE,FALSE,FALSE,"Curicó Unido","Extranjero"
"Paulo Garcés","Portero","Colo-Colo","Libre","Altas","Deportes Antofagasta","Deportes Antofagasta",4,FALSE,FALSE,FALSE,FALSE,FALSE,FALSE,"Colo-Colo","Deportes Antofagasta"
"Bruno Romo","Defensa","Rangers","Traspaso","Altas","Deportes Antofagasta","Deportes Antofagasta",4,FALSE,FALSE,TRUE,FALSE,FALSE,FALSE,"Primera B","Deportes Antofagasta"
"Gonzalo Barriga","Mediocampista","Ohiggins","Libre","Altas","Deportes Antofagasta","Deportes Antofagasta",4,FALSE,FALSE,FALSE,FALSE,FALSE,FALSE,"Ohiggins","Deportes Antofagasta"
"Hugo Alarcón","Mediocampista","Deportes Melipilla","Libre","Altas","Deportes Antofagasta","Deportes Antofagasta",4,FALSE,FALSE,FALSE,FALSE,TRUE,FALSE,"Otros","Deportes Antofagasta"
"Mario Briceño","Delantero","Universidad de Chile","Préstamo","Altas","Deportes Antofagasta","Deportes Antofagasta",4,FALSE,FALSE,FALSE,FALSE,FALSE,FALSE,"Universidad de Chile","Deportes Antofagasta"
"Jason Flores","Delantero","Unión Española","Préstamo","Altas","Deportes Antofagasta","Deportes Antofagasta",4,FALSE,FALSE,FALSE,FALSE,FALSE,FALSE,"Unión Española","Deportes Antofagasta"
"Pablo Soda","Delantero","Instituto de Córdoba","Préstamo","Altas","Deportes Antofagasta","Deportes Antofagasta",4,TRUE,FALSE,FALSE,FALSE,FALSE,FALSE,"Extranjero","Deportes Antofagasta"
"Manuel García","Portero","Deportes Antofagasta","Préstamo","Bajas","Huracán","Deportes Antofagasta",4,FALSE,TRUE,FALSE,FALSE,FALSE,FALSE,"Deportes Antofagasta","Extranjero"
"Branco Ampuero","Defensa","Deportes Antofagasta","Préstamo con opción de compra","Bajas","Universidad Católica","Deportes Antofagasta",4,FALSE,FALSE,FALSE,FALSE,FALSE,FALSE,"Deportes Antofagasta","Universidad Católica"
"Dino Agote","Defensa","Deportes Antofagasta","Fin de Préstamo","Bajas","Universidad Católica","Deportes Antofagasta",4,FALSE,FALSE,FALSE,FALSE,FALSE,FALSE,"Deportes Antofagasta","Universidad Católica"
"Claudio Muñoz","Defensa","Deportes Antofagasta","Fin de Contrato","Bajas","San Marcos","Deportes Antofagasta",4,FALSE,FALSE,FALSE,TRUE,FALSE,FALSE,"Deportes Antofagasta","Primera B"
"Henry Sanhueza","Defensa","Deportes Antofagasta","Fin de Préstamo","Bajas","Colo-Colo","Deportes Antofagasta",4,FALSE,FALSE,FALSE,FALSE,FALSE,FALSE,"Deportes Antofagasta","Colo-Colo"
"Christopher Ross","Defensa","Deportes Antofagasta","Fin de Préstamo","Bajas","Unión Española","Deportes Antofagasta",4,FALSE,FALSE,FALSE,FALSE,FALSE,FALSE,"Deportes Antofagasta","Unión Española"
"Kevin Harbottle","Mediocampista","Deportes Antofagasta","Fin de contrato","Bajas","Deportes Temuco","Deportes Antofagasta",4,FALSE,FALSE,FALSE,FALSE,FALSE,FALSE,"Deportes Antofagasta","Deportes Temuco"
"Hugo Droguett","Mediocampista","Deportes Antofagasta","Fin de contrato","Bajas","Universidad de Concepción","Deportes Antofagasta",4,FALSE,FALSE,FALSE,FALSE,FALSE,FALSE,"Deportes Antofagasta","Universidad de Concepción"
"Ronald González","Delantero","Deportes Antofagasta","Fin de contrato","Bajas","San Luis","Deportes Antofagasta",4,FALSE,FALSE,FALSE,FALSE,FALSE,FALSE,"Deportes Antofagasta","San Luis"
"Óscar Salinas","Delantero","Deportes Antofagasta","Fin de contrato","Bajas","Everton","Deportes Antofagasta",4,FALSE,FALSE,FALSE,FALSE,FALSE,FALSE,"Deportes Antofagasta","Everton"
"Hans Salinas","Defensa","La Serena","","Altas","Deportes Iquique","Deportes Iquique",5,FALSE,FALSE,TRUE,FALSE,FALSE,FALSE,"Primera B","Deportes Iquique"
"Leonardo Espinoza","Delantero","Santiago Morning","","Altas","Deportes Iquique","Deportes Iquique",5,TRUE,FALSE,FALSE,FALSE,FALSE,FALSE,"Extranjero","Deportes Iquique"
"Johan Fuentes","Mediocampista","San Luis","","Altas","Deportes Iquique","Deportes Iquique",5,FALSE,FALSE,FALSE,FALSE,FALSE,FALSE,"San Luis","Deportes Iquique"
"Gerson Acevedo","Mediocampista","Kairat Almaty","Libre","Altas","Deportes Iquique","Deportes Iquique",5,TRUE,FALSE,FALSE,FALSE,FALSE,FALSE,"Extranjero","Deportes Iquique"
"Matías Blásquez","Defensa","Everton","Libre","Altas","Deportes Iquique","Deportes Iquique",5,FALSE,FALSE,FALSE,FALSE,FALSE,FALSE,"Everton","Deportes Iquique"
"Ignacio Caroca","Volante Mixto","Curicó Unido","Libre","Altas","Deportes Iquique","Deportes Iquique",5,FALSE,FALSE,FALSE,FALSE,FALSE,FALSE,"Curicó Unido","Deportes Iquique"
"Lucas Fernández","Delantero","Fernández Vial","Libre","Altas","Deportes Iquique","Deportes Iquique",5,FALSE,FALSE,FALSE,FALSE,TRUE,FALSE,"Otros","Deportes Iquique"
"Humberto Bustamante","Defensa","Deportes Iquique","Fin de Contrato","Bajas","Iberia","Deportes Iquique",5,FALSE,FALSE,FALSE,TRUE,FALSE,FALSE,"Deportes Iquique","Primera B"
"Tomás Charles","Defensa","Deportes Iquique","Fin de contrato","Bajas","NA","Deportes Iquique",5,FALSE,FALSE,FALSE,FALSE,FALSE,TRUE,"Deportes Iquique","Otros"
"Mathías Riquero","Mediocampista","Deportes Iquique","Fin de Contrato","Bajas","Deportes Temuco","Deportes Iquique",5,FALSE,FALSE,FALSE,FALSE,FALSE,FALSE,"Deportes Iquique","Deportes Temuco"
"Rafael Caroca","Mediocampista","Deportes Iquique","Fin de Contrato","Bajas","Universidad de Chile","Deportes Iquique",5,FALSE,FALSE,FALSE,FALSE,FALSE,FALSE,"Deportes Iquique","Universidad de Chile"
"Bryan Cubillos","Mediocampista","Deportes Iquique","Cesión","Bajas","Real San Joaquín","Deportes Iquique",5,FALSE,TRUE,FALSE,FALSE,FALSE,FALSE,"Deportes Iquique","Extranjero"
"Álvaro Ramos","Delantero","Deportes Iquique","Traspaso","Bajas","Club León","Deportes Iquique",5,FALSE,TRUE,FALSE,FALSE,FALSE,FALSE,"Deportes Iquique","Extranjero"
"Felipe Reynero","Delantero","Deportes Iquique","Fin de Cesión","Bajas","Atlante","Deportes Iquique",5,FALSE,TRUE,FALSE,FALSE,FALSE,FALSE,"Deportes Iquique","Extranjero"
"Fernando Otarola","Portero","Villa Dálmine","Libre","Altas","Deportes Temuco","Deportes Temuco",6,TRUE,FALSE,FALSE,FALSE,FALSE,FALSE,"Extranjero","Deportes Temuco"
"John Santander","Defensa","San Luis","Traspaso","Altas","Deportes Temuco","Deportes Temuco",6,FALSE,FALSE,FALSE,FALSE,FALSE,FALSE,"San Luis","Deportes Temuco"
"Nicolás Ramírez","Defensa","Universidad de Chile","Cesión","Altas","Deportes Temuco","Deportes Temuco",6,FALSE,FALSE,FALSE,FALSE,FALSE,FALSE,"Universidad de Chile","Deportes Temuco"
"Matías Fracchia","Defensa","Sin Club","Libre","Altas","Deportes Temuco","Deportes Temuco",6,FALSE,FALSE,FALSE,FALSE,TRUE,FALSE,"Otros","Deportes Temuco"
"Kevin Harbottle","Mediocampista","Deportes Antofagasta","Fin de contrato","Altas","Deportes Temuco","Deportes Temuco",6,FALSE,FALSE,FALSE,FALSE,FALSE,FALSE,"Deportes Antofagasta","Deportes Temuco"
"Mathías Riquero","Mediocampista","Deportes Iquique","Libre","Altas","Deportes Temuco","Deportes Temuco",6,FALSE,FALSE,FALSE,FALSE,FALSE,FALSE,"Deportes Iquique","Deportes Temuco"
"Rubén Farfán","Delantero","Santiago Wanderers","Libre","Altas","Deportes Temuco","Deportes Temuco",6,FALSE,FALSE,FALSE,FALSE,FALSE,FALSE,"Santiago Wanderers","Deportes Temuco"
"Luis Marín","Portero","Deportes Temuco","Rescisión de contrato","Bajas","Libre","Deportes Temuco",6,FALSE,FALSE,FALSE,FALSE,FALSE,TRUE,"Deportes Temuco","Otros"
"Matías Navarrete","Defensa","Deportes Temuco","Fin de contrato","Bajas","Unión La Calera","Deportes Temuco",6,FALSE,FALSE,FALSE,TRUE,FALSE,FALSE,"Deportes Temuco","Primera B"
"Mariano Almandoz","Defensa","Deportes Temuco","Rescisión de contrato","Bajas","Libre","Deportes Temuco",6,FALSE,FALSE,FALSE,FALSE,FALSE,TRUE,"Deportes Temuco","Otros"
"Fernando Lazcano","Defensa","Deportes Temuco","Fin de contrato","Bajas","NA","Deportes Temuco",6,FALSE,FALSE,FALSE,FALSE,FALSE,TRUE,"Deportes Temuco","Otros"
"Orlando Gutiérrez","Defensa","Deportes Temuco","Fin de contrato","Bajas","Libre","Deportes Temuco",6,FALSE,FALSE,FALSE,FALSE,FALSE,TRUE,"Deportes Temuco","Otros"
"Rodrigo Ureña","Mediocampista","Deportes Temuco","Fin de contrato","Bajas","Palestino","Deportes Temuco",6,FALSE,FALSE,FALSE,FALSE,FALSE,FALSE,"Deportes Temuco","Palestino"
"Francisco Piña","Mediocampista","Deportes Temuco","Fin de contrato","Bajas","Santiago Wanderers","Deportes Temuco",6,FALSE,FALSE,FALSE,FALSE,FALSE,FALSE,"Deportes Temuco","Santiago Wanderers"
"Sergio López","Mediocampista","Deportes Temuco","Fin de contrato","Bajas","Once Caldas","Deportes Temuco",6,FALSE,TRUE,FALSE,FALSE,FALSE,FALSE,"Deportes Temuco","Extranjero"
"José Huentelaf","Delantero","Deportes Temuco","Fin de contrato","Bajas","Universidad de Concepción","Deportes Temuco",6,FALSE,FALSE,FALSE,FALSE,FALSE,FALSE,"Deportes Temuco","Universidad de Concepción"
"Álvaro Madrid","Mediocampista","Unión La Calera","Vuelve de cesión","Altas","Everton","Everton",7,FALSE,FALSE,TRUE,FALSE,FALSE,FALSE,"Primera B","Everton"
"Pedro Sánchez","Mediocampista","Unión La Calera","Vuelve de cesión","Altas","Everton","Everton",7,FALSE,FALSE,TRUE,FALSE,FALSE,FALSE,"Primera B","Everton"
"Lucas Mugni","Mediocampista","Rayo Majadahonda","Libre","Altas","Everton","Everton",7,TRUE,FALSE,FALSE,FALSE,FALSE,FALSE,"Extranjero","Everton"
"Óscar Salinas","Delantero","Deportes Antofagasta","Libre","Altas","Everton","Everton",7,FALSE,FALSE,FALSE,FALSE,FALSE,FALSE,"Deportes Antofagasta","Everton"
"Jaime Carreño","Mediocampista","Universidad Católica","Cesión","Altas","Everton","Everton",7,FALSE,FALSE,FALSE,FALSE,FALSE,FALSE,"Universidad Católica","Everton"
"Juan Cuevas","Delantero","Mineros de Zacatecas","Cesión","Altas","Everton","Everton",7,TRUE,FALSE,FALSE,FALSE,FALSE,FALSE,"Extranjero","Everton"
"Patricio Rubio","Delantero","Dorados de Sinaloa","Cesión (desde Querétaro)","Altas","Everton","Everton",7,TRUE,FALSE,FALSE,FALSE,FALSE,FALSE,"Extranjero","Everton"
"Matías Blásquez","Defensa","Everton","Fin de contrato","Bajas","Deportes Iquique","Everton",7,FALSE,FALSE,FALSE,FALSE,FALSE,FALSE,"Everton","Deportes Iquique"
"Nicolás Orellana","Defensa","Everton","Fin de cesión (con Colo-Colo)","Bajas","Por definir","Everton",7,FALSE,TRUE,FALSE,FALSE,FALSE,FALSE,"Everton","Extranjero"
"Sebastián González","Mediocampista","Everton","Fin de contrato","Bajas","San Marcos","Everton",7,FALSE,FALSE,FALSE,TRUE,FALSE,FALSE,"Everton","Primera B"
"Diego Orellana","Mediocampista","Everton","Cesión","Bajas","Unión La Calera","Everton",7,FALSE,FALSE,FALSE,TRUE,FALSE,FALSE,"Everton","Primera B"
"Rodrigo Echeverría","Mediocampista","Everton","Fin de cesión","Bajas","Universidad de Chile","Everton",7,FALSE,FALSE,FALSE,FALSE,FALSE,FALSE,"Everton","Universidad de Chile"
"Nahúm Gómez","Mediocampista","Everton","Fin de cesión","Bajas","C.F. Pachuca","Everton",7,FALSE,TRUE,FALSE,FALSE,FALSE,FALSE,"Everton","Extranjero"
"Maximiliano Cerato","Delantero","Everton","Traspaso","Bajas","Club León","Everton",7,FALSE,TRUE,FALSE,FALSE,FALSE,FALSE,"Everton","Extranjero"
"Sebastian Varas","Delantero","Everton","Fin de cesión","Bajas","Ñublense","Everton",7,FALSE,FALSE,FALSE,TRUE,FALSE,FALSE,"Everton","Primera B"
"Wilson Morelo","Delantero","Everton","Fin de cesión","Bajas","Independiente Santa Fe","Everton",7,FALSE,TRUE,FALSE,FALSE,FALSE,FALSE,"Everton","Extranjero"
"Camilo Ponce","Delantero","Everton","Cesión","Bajas","Ñublense","Everton",7,FALSE,FALSE,FALSE,TRUE,FALSE,FALSE,"Everton","Primera B"
"Douglas Estay","Defensa","Everton","Cesión","Bajas","Unión La Calera","Everton",7,FALSE,FALSE,FALSE,TRUE,FALSE,FALSE,"Everton","Primera B"
"Eric Ahumada","Defensa","Cobreloa","Traspaso","Altas","Huachipato","Huachipato",8,FALSE,FALSE,TRUE,FALSE,FALSE,FALSE,"Primera B","Huachipato"
"Juan Córdova","Defensa","Unión San Felipe","Traspaso","Altas","Huachipato","Huachipato",8,FALSE,FALSE,TRUE,FALSE,FALSE,FALSE,"Primera B","Huachipato"
"Mikel Arguinarena","Mediocampista","Curicó Unido","Fin de préstamo","Altas","Huachipato","Huachipato",8,FALSE,FALSE,FALSE,FALSE,FALSE,FALSE,"Curicó Unido","Huachipato"
"Mathías López","Mediocampista","Cobreloa","Traspaso","Altas","Huachipato","Huachipato",8,FALSE,FALSE,TRUE,FALSE,FALSE,FALSE,"Primera B","Huachipato"
"Mateo Zoch","Mediocampista","Oriente Petrolero","Traspaso","Altas","Huachipato","Huachipato",8,TRUE,FALSE,FALSE,FALSE,FALSE,FALSE,"Extranjero","Huachipato"
"Jhon García","Mediocampista","Callejas","Traspaso","Altas","Huachipato","Huachipato",8,TRUE,FALSE,FALSE,FALSE,FALSE,FALSE,"Extranjero","Huachipato"
"Sebastián Martinez","Mediocampista","Universidad de Chile","Préstamo","Altas","Huachipato","Huachipato",8,FALSE,FALSE,FALSE,FALSE,FALSE,FALSE,"Universidad de Chile","Huachipato"
"Matías Ramírez","Delantero","Granada ""B""","Traspaso","Altas","Huachipato","Huachipato",8,TRUE,FALSE,FALSE,FALSE,FALSE,FALSE,"Extranjero","Huachipato"
"Joaquín Verdugo","Delantero","Rangers","Traspaso","Altas","Huachipato","Huachipato",8,FALSE,FALSE,TRUE,FALSE,FALSE,FALSE,"Primera B","Huachipato"
"Javier Parraguez","Delantero","Santiago Wanderers","Vuelve de préstamo","Altas","Huachipato","Huachipato",8,FALSE,FALSE,FALSE,FALSE,FALSE,FALSE,"Santiago Wanderers","Huachipato"
"Jorge Ortega","Delantero","Rubio Ñu","Traspaso","Altas","Huachipato","Huachipato",8,TRUE,FALSE,FALSE,FALSE,FALSE,FALSE,"Extranjero","Huachipato"
"Víctor Dávila","Mediocampista","Huachipato","Fin de contrato","Bajas","Necaxa","Huachipato",8,FALSE,TRUE,FALSE,FALSE,FALSE,FALSE,"Huachipato","Extranjero"
"Andrés Robles","Mediocampista","Huachipato","Fin de Préstamo","Bajas","Santiago Wanderers","Huachipato",8,FALSE,FALSE,FALSE,FALSE,FALSE,FALSE,"Huachipato","Santiago Wanderers"
"Juan Méndez","Mediocampista","Huachipato","Préstamo","Bajas","Unión San Felipe","Huachipato",8,FALSE,FALSE,FALSE,TRUE,FALSE,FALSE,"Huachipato","Primera B"
"Ricardo González","Mediocampista","Huachipato","Préstamo","Bajas","Unión San Felipe","Huachipato",8,FALSE,FALSE,FALSE,TRUE,FALSE,FALSE,"Huachipato","Primera B"
"Alex Díaz","Mediocampista","Huachipato","Préstamo","Bajas","Deportes Puerto Montt","Huachipato",8,FALSE,FALSE,FALSE,TRUE,FALSE,FALSE,"Huachipato","Primera B"
"Alvaro Sobarzo","Delantero","Huachipato","Préstamo","Bajas","Deportes Puerto Montt","Huachipato",8,FALSE,FALSE,FALSE,TRUE,FALSE,FALSE,"Huachipato","Primera B"
"Carlos González","Delantero","Huachipato","Fin de Contrato","Bajas","Necaxa","Huachipato",8,FALSE,TRUE,FALSE,FALSE,FALSE,FALSE,"Huachipato","Extranjero"
"Ángelo Sagal","Delantero","Huachipato","Traspaso","Bajas","Club de Fútbol Pachuca","Huachipato",8,FALSE,TRUE,FALSE,FALSE,FALSE,FALSE,"Huachipato","Extranjero"
"Vicente Gatica","Delantero","Huachipato","Préstamo","Bajas","Ñublense","Huachipato",8,FALSE,FALSE,FALSE,TRUE,FALSE,FALSE,"Huachipato","Primera B"
"Martín Molini","Delantero","Huachipato","Préstamo","Bajas","Ñublense","Huachipato",8,FALSE,FALSE,FALSE,TRUE,FALSE,FALSE,"Huachipato","Primera B"
"Juan Ignacio Duma","Delantero","Huachipato","Fin de Contrato","Bajas","NA","Huachipato",8,FALSE,FALSE,FALSE,FALSE,FALSE,TRUE,"Huachipato","Otros"
"Felipe Ochagavía","Portero","Magallanes","Vuelve de Préstamo","Altas","Ohiggins","Ohiggins",9,FALSE,FALSE,TRUE,FALSE,FALSE,FALSE,"Primera B","Ohiggins"
"Mauro Visaguirre","Defensa","Gutiérrez SC","Traspaso","Altas","Ohiggins","Ohiggins",9,TRUE,FALSE,FALSE,FALSE,FALSE,FALSE,"Extranjero","Ohiggins"
"Franz Schultz","Mediocampista","Universidad de Chile","Préstamo","Altas","Ohiggins","Ohiggins",9,FALSE,FALSE,FALSE,FALSE,FALSE,FALSE,"Universidad de Chile","Ohiggins"
"César González","Mediocampista","Magallanes","Vuelve de Préstamo","Altas","Ohiggins","Ohiggins",9,FALSE,FALSE,TRUE,FALSE,FALSE,FALSE,"Primera B","Ohiggins"
"Fabián Hormazábal","Delantero","Curicó Unido","Fin de préstamo","Altas","Ohiggins","Ohiggins",9,FALSE,FALSE,FALSE,FALSE,FALSE,FALSE,"Curicó Unido","Ohiggins"
"Richard Barroilhet","Delantero","Montpellier II","Libre","Altas","Ohiggins","Ohiggins",9,TRUE,FALSE,FALSE,FALSE,FALSE,FALSE,"Extranjero","Ohiggins"
"Lautaro Comas","Delantero","Patronato","Préstamo","Altas","Ohiggins","Ohiggins",9,TRUE,FALSE,FALSE,FALSE,FALSE,FALSE,"Extranjero","Ohiggins"
"Joel Acosta","Delantero","Aldosivi","Traspaso","Altas","Ohiggins","Ohiggins",9,TRUE,FALSE,FALSE,FALSE,FALSE,FALSE,"Extranjero","Ohiggins"
"Leonardo Figueroa","Portero","Ohiggins","Fin de Contrato","Bajas","Cobresal","Ohiggins",9,FALSE,FALSE,FALSE,TRUE,FALSE,FALSE,"Ohiggins","Primera B"
"Yerson Opazo","DEF","Ohiggins","Fin de Contrato","Bajas","San Luis","Ohiggins",9,FALSE,FALSE,FALSE,FALSE,FALSE,FALSE,"Ohiggins","San Luis"
"Gonzalo Barriga","Mediocampista","Ohiggins","Fin de Contrato","Bajas","Deportes Antofagasta","Ohiggins",9,FALSE,FALSE,FALSE,FALSE,FALSE,FALSE,"Ohiggins","Deportes Antofagasta"
"Santiago Lizana","Mediocampista","Ohiggins","Fin de Contrato","Bajas","NA","Ohiggins",9,FALSE,FALSE,FALSE,FALSE,FALSE,TRUE,"Ohiggins","Otros"
"Manuel Bravo","Mediocampista","Ohiggins","Fin de Contrato","Bajas","San Luis","Ohiggins",9,FALSE,FALSE,FALSE,FALSE,FALSE,FALSE,"Ohiggins","San Luis"
"Marco Medel","Mediocampista","Ohiggins","Fin de Contrato","Bajas","Santiago Wanderers","Ohiggins",9,FALSE,FALSE,FALSE,FALSE,FALSE,FALSE,"Ohiggins","Santiago Wanderers"
"Francisco Arancibia Silva","Delantero","Ohiggins","Traspaso","Bajas","Universidad de Chile","Ohiggins",9,FALSE,FALSE,FALSE,FALSE,FALSE,FALSE,"Ohiggins","Universidad de Chile"
"Lucas Fierro","Delantero","Ohiggins","Préstamo","Bajas","Unión La Calera","Ohiggins",9,FALSE,FALSE,FALSE,TRUE,FALSE,FALSE,"Ohiggins","Primera B"
"Cristian Insaurralde","Delantero","Ohiggins","Préstamo","Bajas","Cerro Porteño","Ohiggins",9,FALSE,TRUE,FALSE,FALSE,FALSE,FALSE,"Ohiggins","Extranjero"
"Jonathan Salvador","Arquero","Unión San Felipe","Libre","Altas","Palestino","Palestino",10,FALSE,FALSE,TRUE,FALSE,FALSE,FALSE,"Primera B","Palestino"
"Marcos González","Defensa","Necaxa","Libre","Altas","Palestino","Palestino",10,TRUE,FALSE,FALSE,FALSE,FALSE,FALSE,"Extranjero","Palestino"
"Rodrigo Tapia","Defensa","Defensa y Justicia","Prestamo","Altas","Palestino","Palestino",10,TRUE,FALSE,FALSE,FALSE,FALSE,FALSE,"Extranjero","Palestino"
"Byron Guajardo","Defensa","Club de Deportes La Serena","Traspaso","Altas","Palestino","Palestino",10,FALSE,FALSE,TRUE,FALSE,FALSE,FALSE,"Primera B","Palestino"
"Sebastian Toro","Defensa","Junior","Libre","Altas","Palestino","Palestino",10,TRUE,FALSE,FALSE,FALSE,FALSE,FALSE,"Extranjero","Palestino"
"Eric Pino","Mediocampista","Deportes Valdivia","Libre","Altas","Palestino","Palestino",10,FALSE,FALSE,TRUE,FALSE,FALSE,FALSE,"Primera B","Palestino"
"Rodrigo Ureña","Mediocampista","Deportes Temuco","Libre","Altas","Palestino","Palestino",10,FALSE,FALSE,FALSE,FALSE,FALSE,FALSE,"Deportes Temuco","Palestino"
"Alan Arario","Mediocampista","Dorados de Sinaloa","Libre","Altas","Palestino","Palestino",10,TRUE,FALSE,FALSE,FALSE,FALSE,FALSE,"Extranjero","Palestino"
"Nicolás Astete","Mediocampista","Deportes Recoleta","Libre","Altas","Palestino","Palestino",10,FALSE,FALSE,FALSE,FALSE,TRUE,FALSE,"Otros","Palestino"
"Julián Fernández","Mediocampista","Club Atlético All Boys","","Altas","Palestino","Palestino",10,TRUE,FALSE,FALSE,FALSE,FALSE,FALSE,"Extranjero","Palestino"
"Roberto Gutiérrez","Delantero","Universidad Católica","Libre","Altas","Palestino","Palestino",10,FALSE,FALSE,FALSE,FALSE,FALSE,FALSE,"Universidad Católica","Palestino"
"Fabián Ahumada","Delantero","Coquimbo Unido","Vuelve de cesión","Altas","Palestino","Palestino",10,FALSE,FALSE,TRUE,FALSE,FALSE,FALSE,"Primera B","Palestino"
"Felipe Barrientos","Delantero","Celaya","Préstamo","Altas","Palestino","Palestino",10,TRUE,FALSE,FALSE,FALSE,FALSE,FALSE,"Extranjero","Palestino"
"Diego Rojas","Delantero","Everton","Préstamo (con Universidad Católica)","Altas","Palestino","Palestino",10,FALSE,FALSE,FALSE,FALSE,FALSE,FALSE,"Everton","Palestino"
"Gastón Poncet","Delantero","Boston River","Libre","Altas","Palestino","Palestino",10,TRUE,FALSE,FALSE,FALSE,FALSE,FALSE,"Extranjero","Palestino"
"Ignacio González","Arquero","Palestino","Fin de contrato","Bajas","San Luis","Palestino",10,FALSE,FALSE,FALSE,FALSE,FALSE,FALSE,"Palestino","San Luis"
"Benjamín Vidal","Defensa","Palestino","Traspaso","Bajas","Universidad Católica","Palestino",10,FALSE,FALSE,FALSE,FALSE,FALSE,FALSE,"Palestino","Universidad Católica"
"Diego Oyarzún","Defensa","Palestino","Fin de contrato","Bajas","FC Zalgiris","Palestino",10,FALSE,TRUE,FALSE,FALSE,FALSE,FALSE,"Palestino","Extranjero"
"Francisco Sierralta","Defensa","Palestino","Fin de cesión","Bajas","NA","Palestino",10,FALSE,FALSE,FALSE,FALSE,FALSE,TRUE,"Palestino","Otros"
"Ezequiel Luna","Defensa","Palestino","Traspaso","Bajas","Santiago Wanderers","Palestino",10,FALSE,FALSE,FALSE,FALSE,FALSE,FALSE,"Palestino","Santiago Wanderers"
"Esteban Carvajal","Mediocampista","Palestino","Traspaso","Bajas","Santiago Wanderers","Palestino",10,FALSE,FALSE,FALSE,FALSE,FALSE,FALSE,"Palestino","Santiago Wanderers"
"Jason Silva","Mediocampista","Palestino","Fin de contrato","Bajas","Apollon Limassol","Palestino",10,FALSE,TRUE,FALSE,FALSE,FALSE,FALSE,"Palestino","Extranjero"
"Jonathan Cisternas","Mediocampista","Palestino","Fin de contrato","Bajas","Libre","Palestino",10,FALSE,FALSE,FALSE,FALSE,FALSE,TRUE,"Palestino","Otros"
"Leonardo Valencia","Mediocampista","Palestino","Fin de Contrato","Bajas","NA","Palestino",10,FALSE,FALSE,FALSE,FALSE,FALSE,TRUE,"Palestino","Otros"
"Diego Rosende","Mediocampista","Palestino","Fin de contrato","Bajas","NA","Palestino",10,FALSE,FALSE,FALSE,FALSE,FALSE,TRUE,"Palestino","Otros"
"Agustín Farías","Mediocampista","Palestino","Fin de contrato","Bajas","APOEL Nicosia FC","Palestino",10,FALSE,TRUE,FALSE,FALSE,FALSE,FALSE,"Palestino","Extranjero"
"Franco Mazurek","Mediocampista","Palestino","Fin de cesión","Bajas","Panetolikos","Palestino",10,FALSE,TRUE,FALSE,FALSE,FALSE,FALSE,"Palestino","Extranjero"
"Mauro Caballero","Delantero","Palestino","Fin de cesión","Bajas","San Luis","Palestino",10,FALSE,FALSE,FALSE,FALSE,FALSE,FALSE,"Palestino","San Luis"
"Renato César","Delantero","Palestino","Fin de contrato","Bajas","NA","Palestino",10,FALSE,FALSE,FALSE,FALSE,FALSE,TRUE,"Palestino","Otros"
"Ignacio González","Arquero","Palestino","Libre","Altas","San Luis","San Luis",11,FALSE,FALSE,FALSE,FALSE,FALSE,FALSE,"Palestino","San Luis"
"Nelson Espinoza","Arquero","Universidad de Chile","Préstamo","Altas","San Luis","San Luis",11,FALSE,FALSE,FALSE,FALSE,FALSE,FALSE,"Universidad de Chile","San Luis"
"Yerson Opazo","Defensa","Ohiggins","Libre","Altas","San Luis","San Luis",11,FALSE,FALSE,FALSE,FALSE,FALSE,FALSE,"Ohiggins","San Luis"
"Gabriel Díaz","Defensa","Flandria","Libre","Altas","San Luis","San Luis",11,TRUE,FALSE,FALSE,FALSE,FALSE,FALSE,"Extranjero","San Luis"
"Esteban Flores","Lateral","Universidad de Concepción","Libre","Altas","San Luis","San Luis",11,FALSE,FALSE,FALSE,FALSE,FALSE,FALSE,"Universidad de Concepción","San Luis"
"Manuel Bravo","Mediocampista","Ohiggins","Libre","Altas","San Luis","San Luis",11,FALSE,FALSE,FALSE,FALSE,FALSE,FALSE,"Ohiggins","San Luis"
"Ronald González","Delantero","Deportes Antofagasta","Libre","Altas","San Luis","San Luis",11,FALSE,FALSE,FALSE,FALSE,FALSE,FALSE,"Deportes Antofagasta","San Luis"
"Mauro Caballero","Delantero","Palestino","Préstamo","Altas","San Luis","San Luis",11,FALSE,FALSE,FALSE,FALSE,FALSE,FALSE,"Palestino","San Luis"
"Diego Chaves","Delantero","San Martín de San Juan","Libre","Altas","San Luis","San Luis",11,TRUE,FALSE,FALSE,FALSE,FALSE,FALSE,"Extranjero","San Luis"
"Matías Cano","Portero","San Luis","Fin de contrato","Bajas","NA","San Luis",11,FALSE,FALSE,FALSE,FALSE,FALSE,TRUE,"San Luis","Otros"
"David Reyes","Portero","San Luis","Fin de contrato","Bajas","San Antonio Unido","San Luis",11,FALSE,FALSE,FALSE,FALSE,FALSE,TRUE,"San Luis","Otros"
"Brayams Viveros","Defensa","San Luis","Fin de contrato","Bajas","Unión San Felipe","San Luis",11,FALSE,FALSE,FALSE,TRUE,FALSE,FALSE,"San Luis","Primera B"
"Juan Pablo Gómez","Defensa","San Luis","Fin de contrato","Bajas","Unión Española","San Luis",11,FALSE,FALSE,FALSE,FALSE,FALSE,FALSE,"San Luis","Unión Española"
"John Santander","Defensa","San Luis","Fin de contrato","Bajas","Deportes Temuco","San Luis",11,FALSE,FALSE,FALSE,FALSE,FALSE,FALSE,"San Luis","Deportes Temuco"
"Fernando Saavedra","Defensa","San Luis","Fin de contrato","Bajas","Unión La Calera","San Luis",11,FALSE,FALSE,FALSE,TRUE,FALSE,FALSE,"San Luis","Primera B"
"Diego Bravo","Defensa","San Luis","","Bajas","NA","San Luis",11,FALSE,FALSE,FALSE,FALSE,FALSE,TRUE,"San Luis","Otros"
"Diego Silva","Defensa","San Luis","Fin de contrato","Bajas","Cobresal","San Luis",11,FALSE,FALSE,FALSE,TRUE,FALSE,FALSE,"San Luis","Primera B"
"Víctor Morales","Mediocampista","San Luis","Préstamo","Bajas","Unión La Calera","San Luis",11,FALSE,FALSE,FALSE,TRUE,FALSE,FALSE,"San Luis","Primera B"
"Johan Fuentes","Mediocampista","San Luis","Fin de contrato","Bajas","Deportes Iquique","San Luis",11,FALSE,FALSE,FALSE,FALSE,FALSE,FALSE,"San Luis","Deportes Iquique"
"Gonzalo Abán","Delantero","San Luis","Fin de contrato","Bajas","Unión La Calera","San Luis",11,FALSE,FALSE,FALSE,TRUE,FALSE,FALSE,"San Luis","Primera B"
"Alejandro Fiorina","Delantero","San Luis","Fin de contrato","Bajas","NA","San Luis",11,FALSE,FALSE,FALSE,FALSE,FALSE,TRUE,"San Luis","Otros"
"Carlos Escobar","Delantero","San Luis","Fin de contrato","Bajas","Universidad de Concepción","San Luis",11,FALSE,FALSE,FALSE,FALSE,FALSE,FALSE,"San Luis","Universidad de Concepción"
"Bernardo Cerezo","Defensa central","Deportes La Serena","Préstamo","Altas","Santiago Wanderers","Santiago Wanderers",12,FALSE,FALSE,TRUE,FALSE,FALSE,FALSE,"Primera B","Santiago Wanderers"
"Ezequiel Luna","Defensa central","Palestino","Traspaso","Altas","Santiago Wanderers","Santiago Wanderers",12,FALSE,FALSE,FALSE,FALSE,FALSE,FALSE,"Palestino","Santiago Wanderers"
"Esteban Carvajal","Mediocampista","Palestino","Traspaso","Altas","Santiago Wanderers","Santiago Wanderers",12,FALSE,FALSE,FALSE,FALSE,FALSE,FALSE,"Palestino","Santiago Wanderers"
"Andrés Robles","Mediocampista","Huachipato","Vuelve de préstamo","Altas","Santiago Wanderers","Santiago Wanderers",12,FALSE,FALSE,FALSE,FALSE,FALSE,FALSE,"Huachipato","Santiago Wanderers"
"Marco Medel","Mediocampista","Ohiggins","Libre","Altas","Santiago Wanderers","Santiago Wanderers",12,FALSE,FALSE,FALSE,FALSE,FALSE,FALSE,"Ohiggins","Santiago Wanderers"
"César Cortés","Mediocampista","Audax Italiano","Rescisión de contrato","Altas","Santiago Wanderers","Santiago Wanderers",12,FALSE,FALSE,FALSE,FALSE,FALSE,FALSE,"Audax Italiano","Santiago Wanderers"
"Francisco Piña","Mediocampista","Deportes Temuco","Fin de contrato","Altas","Santiago Wanderers","Santiago Wanderers",12,FALSE,FALSE,FALSE,FALSE,FALSE,FALSE,"Deportes Temuco","Santiago Wanderers"
"Felipe Pinilla","Delantero","Iberia","Préstamo","Altas","Santiago Wanderers","Santiago Wanderers",12,FALSE,FALSE,TRUE,FALSE,FALSE,FALSE,"Primera B","Santiago Wanderers"
"Enzo Gutierrez","Delantero","Millonarios","Libre","Altas","Santiago Wanderers","Santiago Wanderers",12,TRUE,FALSE,FALSE,FALSE,FALSE,FALSE,"Extranjero","Santiago Wanderers"
"Nery Veloso","Arquero","Santiago Wanderers","Fin de contrato","Bajas","NA","Santiago Wanderers",12,FALSE,FALSE,FALSE,FALSE,FALSE,TRUE,"Santiago Wanderers","Otros"
"Mario Parra","Defensa central","Santiago Wanderers","Fin de contrato","Bajas","NA","Santiago Wanderers",12,FALSE,FALSE,FALSE,FALSE,FALSE,TRUE,"Santiago Wanderers","Otros"
"Federico Pérez","Defensa central","Santiago Wanderers","Fin de préstamo","Bajas","Atlanta","Santiago Wanderers",12,FALSE,TRUE,FALSE,FALSE,FALSE,FALSE,"Santiago Wanderers","Extranjero"
"Óscar Opazo","Lateral Izquierdo","Santiago Wanderers","Traspaso","Bajas","Colo-Colo","Santiago Wanderers",12,FALSE,FALSE,FALSE,FALSE,FALSE,FALSE,"Santiago Wanderers","Colo-Colo"
"Reinaldo Ahumada","Defensa","Santiago Wanderers","Préstamo","Bajas","NA","Santiago Wanderers",12,FALSE,FALSE,FALSE,FALSE,FALSE,TRUE,"Santiago Wanderers","Otros"
"Gonzalo Candia","Mediocampista","Santiago Wanderers","Préstamo","Bajas","NA","Santiago Wanderers",12,FALSE,FALSE,FALSE,FALSE,FALSE,TRUE,"Santiago Wanderers","Otros"
"Kevin Vásquez","Mediocampista","Santiago Wanderers","Préstamo","Bajas","Unión La Calera","Santiago Wanderers",12,FALSE,FALSE,FALSE,TRUE,FALSE,FALSE,"Santiago Wanderers","Primera B"
"Jimmy Cisterna","Mediocampista","Santiago Wanderers","Préstamo","Bajas","NA","Santiago Wanderers",12,FALSE,FALSE,FALSE,FALSE,FALSE,TRUE,"Santiago Wanderers","Otros"
"David Terans","Mediocampista Ofensivo","Santiago Wanderers","Fin de préstamo","Bajas","Rentistas","Santiago Wanderers",12,FALSE,TRUE,FALSE,FALSE,FALSE,FALSE,"Santiago Wanderers","Extranjero"
"Luis Valenzuela","Mediocampista Ofensivo","Santiago Wanderers","Fin de Contrato","Bajas","NA","Santiago Wanderers",12,FALSE,FALSE,FALSE,FALSE,FALSE,TRUE,"Santiago Wanderers","Otros"
"Rodrigo Pastorini","Delantero","Santiago Wanderers","Fin de préstamo","Bajas","Murciélagos","Santiago Wanderers",12,FALSE,TRUE,FALSE,FALSE,FALSE,FALSE,"Santiago Wanderers","Extranjero"
"Jonathan Charquero","Delantero","Santiago Wanderers","Fin de préstamo","Bajas","Torque","Santiago Wanderers",12,FALSE,TRUE,FALSE,FALSE,FALSE,FALSE,"Santiago Wanderers","Extranjero"
"Rubén Farfán","Delantero","Santiago Wanderers","Fin de préstamo","Bajas","Deportes Temuco","Santiago Wanderers",12,FALSE,FALSE,FALSE,FALSE,FALSE,FALSE,"Santiago Wanderers","Deportes Temuco"
"Javier Parraguez","Delantero","Santiago Wanderers","Fin de préstamo","Bajas","Huachipato","Santiago Wanderers",12,FALSE,FALSE,FALSE,FALSE,FALSE,FALSE,"Santiago Wanderers","Huachipato"
"José Luis Muñoz Muñoz","Delantero","Santiago Wanderers","Fin de préstamo","Bajas","NA","Santiago Wanderers",12,FALSE,FALSE,FALSE,FALSE,FALSE,TRUE,"Santiago Wanderers","Otros"
"José Quezada","Arquero","Magallanes","Libre","Altas","Unión Española","Unión Española",13,FALSE,FALSE,TRUE,FALSE,FALSE,FALSE,"Primera B","Unión Española"
"Diego Sosa","Defensa","Tigre","Traspaso","Altas","Unión Española","Unión Española",13,TRUE,FALSE,FALSE,FALSE,FALSE,FALSE,"Extranjero","Unión Española"
"Juan Pablo Gómez","Defensa","San Luis","Libre","Altas","Unión Española","Unión Española",13,FALSE,FALSE,FALSE,FALSE,FALSE,FALSE,"San Luis","Unión Española"
"Ángelo Pizzorno","Defensa","Cerro","Traspaso","Altas","Unión Española","Unión Española",13,TRUE,FALSE,FALSE,FALSE,FALSE,FALSE,"Extranjero","Unión Española"
"Christopher Ross","Defensa","Deportes Antofagasta","Vuelve de Préstamo","Altas","Unión Española","Unión Española",13,FALSE,FALSE,FALSE,FALSE,FALSE,FALSE,"Deportes Antofagasta","Unión Española"
"Israel Poblete","Mediocampista","Cobresal","Préstamo","Altas","Unión Española","Unión Española",13,FALSE,FALSE,TRUE,FALSE,FALSE,FALSE,"Primera B","Unión Española"
"Ramiro Gonzalez Hernandez","Mediocampista","Instituto Atlético Central Córdoba","Libre","Altas","Unión Española","Unión Española",13,TRUE,FALSE,FALSE,FALSE,FALSE,FALSE,"Extranjero","Unión Española"
"Guillermo Hauché","Mediocampista","Racing Club","Libre","Altas","Unión Española","Unión Española",13,TRUE,FALSE,FALSE,FALSE,FALSE,FALSE,"Extranjero","Unión Española"
"Santiago Gallucci","Mediocampista","Douglas Haig","Libre","Altas","Unión Española","Unión Española",13,TRUE,FALSE,FALSE,FALSE,FALSE,FALSE,"Extranjero","Unión Española"
"Carlos Muñoz","Delantero","Talleres Córdoba","Libre","Altas","Unión Española","Unión Española",13,TRUE,FALSE,FALSE,FALSE,FALSE,FALSE,"Extranjero","Unión Española"
"Gustavo Canales","Delantero","Botafogo","Libre","Altas","Unión Española","Unión Española",13,TRUE,FALSE,FALSE,FALSE,FALSE,FALSE,"Extranjero","Unión Española"
"Christian Bravo","Delantero","Universidad Católica","Préstamo (desde Granada)","Altas","Unión Española","Unión Española",13,FALSE,FALSE,FALSE,FALSE,FALSE,FALSE,"Universidad Católica","Unión Española"
"Marcelo Salinas","Arquero","Unión Española","Fin de contrato","Bajas","NA","Unión Española",13,FALSE,FALSE,FALSE,FALSE,FALSE,TRUE,"Unión Española","Otros"
"Lucas Domínguez","Defensa Central","Unión Española","Fin de contrato","Bajas","NA","Unión Española",13,FALSE,FALSE,FALSE,FALSE,FALSE,TRUE,"Unión Española","Otros"
"Nicolás Berardo","Defensa Central","Unión Española","Fin de contrato","Bajas","Coquimbo Unido","Unión Española",13,FALSE,FALSE,FALSE,TRUE,FALSE,FALSE,"Unión Española","Primera B"
"Dagoberto Currimilla","Lateral Derecho","Unión Española","Fin de contrato","Bajas","Deportes Valdivia","Unión Española",13,FALSE,FALSE,FALSE,TRUE,FALSE,FALSE,"Unión Española","Primera B"
"Fernando Cornejo","Defensa","Unión Española","","Bajas","Barnechea","Unión Española",13,FALSE,FALSE,FALSE,FALSE,FALSE,TRUE,"Unión Española","Otros"
"Felipe Seymour","Mediocampista","Unión Española","Fin de contrato","Bajas","Universidad de Chile","Unión Española",13,FALSE,FALSE,FALSE,FALSE,FALSE,FALSE,"Unión Española","Universidad de Chile"
"Juan Gabriel Rivas","Volante","Unión Española","Fin de préstamo","Bajas","Unión de Santa Fe","Unión Española",13,FALSE,TRUE,FALSE,FALSE,FALSE,FALSE,"Unión Española","Extranjero"
"Ángel Muñoz","Volante","Unión Española","","Bajas","NA","Unión Española",13,FALSE,FALSE,FALSE,FALSE,FALSE,TRUE,"Unión Española","Otros"
"Carlos Gómez","Volante","Unión Española","Fin de contrato","Bajas","Deportes Iquique","Unión Española",13,FALSE,FALSE,FALSE,FALSE,FALSE,FALSE,"Unión Española","Deportes Iquique"
"Óscar Hernández","Volante","Unión Española","Fin de contrato","Bajas","Atlético de San Luis","Unión Española",13,FALSE,TRUE,FALSE,FALSE,FALSE,FALSE,"Unión Española","Extranjero"
"Carlos Salom","Delantero","Unión Española","Fin de contrato","Bajas","Puebla","Unión Española",13,FALSE,TRUE,FALSE,FALSE,FALSE,FALSE,"Unión Española","Extranjero"
"Diego Churin","Delantero","Unión Española","Fin de préstamo (con U. de Concepción)","Bajas","Cerro Porteño","Unión Española",13,FALSE,TRUE,FALSE,FALSE,FALSE,FALSE,"Unión Española","Extranjero"
"Jason Flores","Delantero","Unión Española","Préstamo","Bajas","Deportes Antofagasta","Unión Española",13,FALSE,FALSE,FALSE,FALSE,FALSE,FALSE,"Unión Española","Deportes Antofagasta"
"Fabián Saavedra","Delantero","Unión Española","Préstamo","Bajas","Cobresal","Unión Española",13,FALSE,FALSE,FALSE,TRUE,FALSE,FALSE,"Unión Española","Primera B"
"Branco Ampuero","Defensa","Deportes Antofagasta","Préstamo","Altas","Universidad Católica","Universidad Católica",14,FALSE,FALSE,FALSE,FALSE,FALSE,FALSE,"Deportes Antofagasta","Universidad Católica"
"Benjamín Vidal","Defensa","Palestino","Traspaso","Altas","Universidad Católica","Universidad Católica",14,FALSE,FALSE,FALSE,FALSE,FALSE,FALSE,"Palestino","Universidad Católica"
"Dino Agote","Defensa","Deportes Antofagasta","Retorno de Préstamo","Altas","Universidad Católica","Universidad Católica",14,FALSE,FALSE,FALSE,FALSE,FALSE,FALSE,"Deportes Antofagasta","Universidad Católica"
"Germán Voboril","Defensa","Newell's Old Boys","Libre","Altas","Universidad Católica","Universidad Católica",14,TRUE,FALSE,FALSE,FALSE,FALSE,FALSE,"Extranjero","Universidad Católica"
"Luciano Aued","Mediocampista","Racing Club","Libre","Altas","Universidad Católica","Universidad Católica",14,TRUE,FALSE,FALSE,FALSE,FALSE,FALSE,"Extranjero","Universidad Católica"
"Diego Rojas","Mediocampista","Everton","Retorno de cesión","Altas","Universidad Católica","Universidad Católica",14,FALSE,FALSE,FALSE,FALSE,FALSE,FALSE,"Everton","Universidad Católica"
"Diego Vallejos","Delantero","Audax Italiano","Traspaso","Altas","Universidad Católica","Universidad Católica",14,FALSE,FALSE,FALSE,FALSE,FALSE,FALSE,"Audax Italiano","Universidad Católica"
"Jeisson Vargas","Delantero","Estudiantes de La Plata","Préstamo","Altas","Universidad Católica","Universidad Católica",14,TRUE,FALSE,FALSE,FALSE,FALSE,FALSE,"Extranjero","Universidad Católica"
"José Luis Muñoz","Delantero","Santiago Wanderers","Retorno de cesión","Altas","Universidad Católica","Universidad Católica",14,FALSE,FALSE,FALSE,FALSE,FALSE,FALSE,"Santiago Wanderers","Universidad Católica"
"Raimundo Rebolledo","Defensa","Universidad Católica","Préstamo","Bajas","Curicó Unido","Universidad Católica",14,FALSE,FALSE,FALSE,FALSE,FALSE,FALSE,"Universidad Católica","Curicó Unido"
"Alfonso Parot","Defensa","Universidad Católica","Traspaso","Bajas","Rosario Central","Universidad Católica",14,FALSE,TRUE,FALSE,FALSE,FALSE,FALSE,"Universidad Católica","Extranjero"
"Guillermo Maripán","Defensa","Universidad Católica","Traspaso","Bajas","Alavés","Universidad Católica",14,FALSE,TRUE,FALSE,FALSE,FALSE,FALSE,"Universidad Católica","Extranjero"
"Jaime Carreño","Mediocampista","Universidad Católica","Préstamo","Bajas","Everton","Universidad Católica",14,FALSE,FALSE,FALSE,FALSE,FALSE,FALSE,"Universidad Católica","Everton"
"Enzo Kalinski","Mediocampista","Universidad Católica","Fin de Contrato","Bajas","Club Tijuana","Universidad Católica",14,FALSE,TRUE,FALSE,FALSE,FALSE,FALSE,"Universidad Católica","Extranjero"
"Roberto Gutiérrez","Delantero","Universidad Católica","Fin de contrato","Bajas","Palestino","Universidad Católica",14,FALSE,FALSE,FALSE,FALSE,FALSE,FALSE,"Universidad Católica","Palestino"
"Christian Bravo","Delantero","Universidad Católica","Fin de Préstamo (con Granada)","Bajas","Unión Española","Universidad Católica",14,FALSE,FALSE,FALSE,FALSE,FALSE,FALSE,"Universidad Católica","Unión Española"
"Ricardo Noir","Delantero","Universidad Católica","Fin de Préstamo","Bajas","Racing Club","Universidad Católica",14,FALSE,TRUE,FALSE,FALSE,FALSE,FALSE,"Universidad Católica","Extranjero"
"Rodrigo Echeverría","Mediocampista","Everton","Regreso de Cesión","Altas","Universidad de Chile","Universidad de Chile",15,FALSE,FALSE,FALSE,FALSE,FALSE,FALSE,"Everton","Universidad de Chile"
"Felipe Seymour","Mediocampista","Unión Española","Libre","Altas","Universidad de Chile","Universidad de Chile",15,FALSE,FALSE,FALSE,FALSE,FALSE,FALSE,"Unión Española","Universidad de Chile"
"Rafael Caroca","Mediocampista","Deportes Iquique","Libre","Altas","Universidad de Chile","Universidad de Chile",15,FALSE,FALSE,FALSE,FALSE,FALSE,FALSE,"Deportes Iquique","Universidad de Chile"
"Francisco Arancibia Silva","Delantero","Ohiggins","Traspaso","Altas","Universidad de Chile","Universidad de Chile",15,FALSE,FALSE,FALSE,FALSE,FALSE,FALSE,"Ohiggins","Universidad de Chile"
"Martín Arenas Jara","Delantero","Villarreal Juvenil","Libre","Altas","Universidad de Chile","Universidad de Chile",15,TRUE,FALSE,FALSE,FALSE,FALSE,FALSE,"Extranjero","Universidad de Chile"
"Isaac Díaz","Delantero","Sol de América","Traspaso","Altas","Universidad de Chile","Universidad de Chile",15,TRUE,FALSE,FALSE,FALSE,FALSE,FALSE,"Extranjero","Universidad de Chile"
"Mauricio Pinilla","Delantero","Genoa","Traspaso","Altas","Universidad de Chile","Universidad de Chile",15,TRUE,FALSE,FALSE,FALSE,FALSE,FALSE,"Extranjero","Universidad de Chile"
"Nelson Espinoza","Arquero","Universidad de Chile","Préstamo","Bajas","San Luis","Universidad de Chile",15,FALSE,FALSE,FALSE,FALSE,FALSE,FALSE,"Universidad de Chile","San Luis"
"Bernardo Cerezo","Defensa central","Universidad de Chile","Préstamo","Bajas","Santiago Wanderers","Universidad de Chile",15,FALSE,FALSE,FALSE,FALSE,FALSE,FALSE,"Universidad de Chile","Santiago Wanderers"
"Diego García Medina","Defensa central","Universidad de Chile","Préstamo","Bajas","Rangers de Talca","Universidad de Chile",15,FALSE,FALSE,FALSE,TRUE,FALSE,FALSE,"Universidad de Chile","Primera B"
"Nicolás Ramírez","Defensa central","Universidad de Chile","Préstamo","Bajas","Deportes Temuco","Universidad de Chile",15,FALSE,FALSE,FALSE,FALSE,FALSE,FALSE,"Universidad de Chile","Deportes Temuco"
"John Salas","Defensa central","Universidad de Chile","Préstamo","Bajas","Santa Cruz","Universidad de Chile",15,FALSE,FALSE,FALSE,FALSE,FALSE,TRUE,"Universidad de Chile","Otros"
"Marcelo Jorquera","Lateral Izquierdo","Universidad de Chile","Fin de contrato","Bajas","Iberia","Universidad de Chile",15,FALSE,FALSE,FALSE,TRUE,FALSE,FALSE,"Universidad de Chile","Primera B"
"Michael Contreras","Lateral Derecho","Universidad de Chile","Fin de contrato","Bajas","Cobreloa","Universidad de Chile",15,FALSE,FALSE,FALSE,TRUE,FALSE,FALSE,"Universidad de Chile","Primera B"
"Franz Schultz","Mediocampista","Universidad de Chile","Préstamo","Bajas","Ohiggins","Universidad de Chile",15,FALSE,FALSE,FALSE,FALSE,FALSE,FALSE,"Universidad de Chile","Ohiggins"
"Sebastian Martinez","Mediocampista","Universidad de Chile","Préstamo","Bajas","Huachipato","Universidad de Chile",15,FALSE,FALSE,FALSE,FALSE,FALSE,FALSE,"Universidad de Chile","Huachipato"
"Danilo Catalán","Mediocampista","Universidad de Chile","Préstamo","Bajas","Deportes Valdivia","Universidad de Chile",15,FALSE,FALSE,FALSE,TRUE,FALSE,FALSE,"Universidad de Chile","Primera B"
"Gonzalo Espinoza","Mediocampista","Universidad de Chile","Fin de contrato","Bajas","Kayserispor","Universidad de Chile",15,FALSE,TRUE,FALSE,FALSE,FALSE,FALSE,"Universidad de Chile","Extranjero"
"Bryan Cortés","Mediocampista","Universidad de Chile","Fin de contrato","Bajas","Deportes La Serena","Universidad de Chile",15,FALSE,FALSE,FALSE,TRUE,FALSE,FALSE,"Universidad de Chile","Primera B"
"Lucas Ontivero","Mediocampista","Universidad de Chile","Fin de contrato","Bajas","Venados","Universidad de Chile",15,FALSE,TRUE,FALSE,FALSE,FALSE,FALSE,"Universidad de Chile","Extranjero"
"Juan Leiva","Mediocampista","Universidad de Chile","Fin de contrato","Bajas","Audax Italiano","Universidad de Chile",15,FALSE,FALSE,FALSE,FALSE,FALSE,FALSE,"Universidad de Chile","Audax Italiano"
"Rubén Farfán","Delantero","Universidad de Chile","Fin de contrato","Bajas","Deportes Temuco","Universidad de Chile",15,FALSE,FALSE,FALSE,FALSE,FALSE,FALSE,"Universidad de Chile","Deportes Temuco"
"Valentin Castellanos","Delantero","Universidad de Chile","Préstamo","Bajas","Torque","Universidad de Chile",15,FALSE,TRUE,FALSE,FALSE,FALSE,FALSE,"Universidad de Chile","Extranjero"
"Mathías Galdames","Delantero","Universidad de Chile","Préstamo","Bajas","Santa Cruz","Universidad de Chile",15,FALSE,FALSE,FALSE,FALSE,FALSE,TRUE,"Universidad de Chile","Otros"
"Mathías Pinto","Delantero","Universidad de Chile","Préstamo","Bajas","San Marcos","Universidad de Chile",15,FALSE,FALSE,FALSE,TRUE,FALSE,FALSE,"Universidad de Chile","Primera B"
"Bryan Taiva","Delantero","Universidad de Chile","Préstamo","Bajas","San Luis","Universidad de Chile",15,FALSE,FALSE,FALSE,FALSE,FALSE,FALSE,"Universidad de Chile","San Luis"
"Felipe Pinilla","Delantero","Universidad de Chile","Préstamo","Bajas","Santiago Wanderers","Universidad de Chile",15,FALSE,FALSE,FALSE,FALSE,FALSE,FALSE,"Universidad de Chile","Santiago Wanderers"
"Mario Briceño","Delantero","Universidad de Chile","Préstamo","Bajas","Deportes Antofagasta","Universidad de Chile",15,FALSE,FALSE,FALSE,FALSE,FALSE,FALSE,"Universidad de Chile","Deportes Antofagasta"
"Bruno Miranda","Delantero","Universidad de Chile","Préstamo","Bajas","D.C. United","Universidad de Chile",15,FALSE,TRUE,FALSE,FALSE,FALSE,FALSE,"Universidad de Chile","Extranjero"
"Felipe Mora","Delantero","Universidad de Chile","Traspaso","Bajas","Cruz Azul","Universidad de Chile",15,FALSE,TRUE,FALSE,FALSE,FALSE,FALSE,"Universidad de Chile","Extranjero"
"Juan Pablo Andrade","Defensa","Independiente de Cauquenes","Fin de Contrato","Altas","Universidad de Concepción","Universidad de Concepción",16,FALSE,FALSE,FALSE,FALSE,TRUE,FALSE,"Otros","Universidad de Concepción"
"Hugo Droguett","Mediocampista","Deportes Antofagasta","Libre","Altas","Universidad de Concepción","Universidad de Concepción",16,FALSE,FALSE,FALSE,FALSE,FALSE,FALSE,"Deportes Antofagasta","Universidad de Concepción"
"Cristián Amarilla","Mediocampista","Deportivo Español","Libre","Altas","Universidad de Concepción","Universidad de Concepción",16,TRUE,FALSE,FALSE,FALSE,FALSE,FALSE,"Extranjero","Universidad de Concepción"
"Brayan Valdivia","Mediocampista","Unión San Felipe","","Altas","Universidad de Concepción","Universidad de Concepción",16,FALSE,FALSE,TRUE,FALSE,FALSE,FALSE,"Primera B","Universidad de Concepción"
"Carlos Escobar","Delantero","San Luis","","Altas","Universidad de Concepción","Universidad de Concepción",16,FALSE,FALSE,FALSE,FALSE,FALSE,FALSE,"San Luis","Universidad de Concepción"
"José Huentelaf","Delantero","Deportes Temuco","Fin de contrato","Altas","Universidad de Concepción","Universidad de Concepción",16,FALSE,FALSE,FALSE,FALSE,FALSE,FALSE,"Deportes Temuco","Universidad de Concepción"
"Wálter Ponce","Delantero","Palestino","Préstamo","Altas","Universidad de Concepción","Universidad de Concepción",16,FALSE,FALSE,FALSE,FALSE,FALSE,FALSE,"Palestino","Universidad de Concepción"
"Waldo Ponce","Defensa","Universidad de Concepción","Fin de Contrato","Bajas","NA","Universidad de Concepción",16,FALSE,FALSE,FALSE,FALSE,FALSE,TRUE,"Universidad de Concepción","Otros"
"Alexis Machuca","Defensa","Universidad de Concepción","Fin de Contrato","Bajas","NA","Universidad de Concepción",16,FALSE,FALSE,FALSE,FALSE,FALSE,TRUE,"Universidad de Concepción","Otros"
"Esteban Flores","Lateral","Universidad de Concepción","Fin de Contrato","Bajas","San Luis","Universidad de Concepción",16,FALSE,FALSE,FALSE,FALSE,FALSE,FALSE,"Universidad de Concepción","San Luis"
"Renato González","Mediocampista","Universidad de Concepción","Fin de Contrato","Bajas","San Marcos de Arica","Universidad de Concepción",16,FALSE,FALSE,FALSE,TRUE,FALSE,FALSE,"Universidad de Concepción","Primera B"
"Jorge Luna","Mediocampista","Universidad de Concepción","Fin de Contrato","Bajas","NA","Universidad de Concepción",16,FALSE,FALSE,FALSE,FALSE,FALSE,TRUE,"Universidad de Concepción","Otros"
"Giovanni Asken","Mediocampista","Universidad de Concepción","Fin de Contrato","Bajas","Iberia","Universidad de Concepción",16,FALSE,FALSE,FALSE,TRUE,FALSE,FALSE,"Universidad de Concepción","Primera B"
"Jorge Troncoso","Delantero","Universidad de Concepción","Fin de Contrato","Bajas","NA","Universidad de Concepción",16,FALSE,FALSE,FALSE,FALSE,FALSE,TRUE,"Universidad de Concepción","Otros"
