key2B,key2A,away_team,home_team,date,home_score,away_score,tournament,city,country,neutral,Year,neutral2,score,key,Age_mean_H,Age_sd_H,Age_mean_A,Age_sd_A,conf_H,conf_A,Ext_big5_H,Ext_big5_A,rank_H,rank_A
Algeria 2010,UnitedStates 2010,Algeria,UnitedStates,2010-06-23,1,0,FIFA World Cup,Pretoria,South Africa,TRUE,2010,N,1-0,2010 USA Algeria 1-0,26.86956522,3.76954721,26.2173913,3.232737677,CONCACAF,CAF,0.565217391,0.695652174,14,30
Algeria 2010,England 2010,Algeria,England,2010-06-18,0,0,FIFA World Cup,Cape Town,South Africa,TRUE,2010,N,0-0,2010 England Algeria 0-0,28.43478261,3.539723756,26.2173913,3.232737677,UEFA,CAF,1,0.695652174,8,30
Algeria 2014,KoreaRepublic 2014,Algeria,KoreaRepublic,2014-06-22,2,4,FIFA World Cup,Porto Alegre,Brazil,TRUE,2014,N,04-Feb,2014 Korea Republic Algeria 2-4,25.56521739,2.60471516,26.17391304,3.214345316,AFC,CAF,0.369565217,0.684210526,55,25
Algeria 2014,Germany 2014,Algeria,Germany,2014-06-30,2,1,FIFA World Cup,Porto Alegre,Brazil,TRUE,2014,N,01-Feb,2014 Germany Algeria 2-1,25.39622642,3.972693441,26.17391304,3.214345316,UEFA,CAF,1,0.684210526,2,25
Algeria 2014,Belgium 2014,Algeria,Belgium,2014-06-17,2,1,FIFA World Cup,Belo Horizonte,Brazil,TRUE,2014,N,01-Feb,2014 Belgium Algeria 2-1,25.47826087,3.641547688,26.17391304,3.214345316,UEFA,CAF,0.727272727,0.684210526,12,25
Angola 2006,Iran 2006,Angola,Iran,2006-06-21,1,1,FIFA World Cup,Leipzig,Germany,TRUE,2006,N,01-Jan,2006 Iran Angola 1-1,26.52173913,4.378351342,26.2173913,3.907527953,AFC,CAF,0.260869565,0.086956522,23,57
Angola 2006,Mexico 2006,Angola,Mexico,2006-06-16,0,0,FIFA World Cup,Hanover,Germany,TRUE,2006,N,0-0,2006 Mexico Angola 0-0,27.34782609,4.151765185,26.2173913,3.907527953,CONCACAF,CAF,0.130434783,0.086956522,4,57
Argentina 1994,Romania 1994,Argentina,Romania,1994-07-03,3,2,FIFA World Cup,Pasadena,USA,TRUE,1994,N,02-Mar,1994 Romania Argentina 3-2,24.63636364,2.573592163,27.40909091,3.126828469,UEFA,CONMEBOL,0.227272727,0.409090909,10,6
Argentina 1998,Netherlands 1998,Argentina,Netherlands,1998-07-04,2,1,FIFA World Cup,Marseilles,France,TRUE,1998,N,01-Feb,1998 Netherlands Argentina 2-1,26.5,3.247709816,26.09090909,3.069187746,UEFA,CONMEBOL,0.545454545,0.681818182,25,6
Argentina 2002,Sweden 2002,Argentina,Sweden,2002-06-12,1,1,FIFA World Cup,Rifu,Japan,TRUE,2002,N,01-Jan,2002 Sweden Argentina 1-1,26.73913043,3.683098884,28.47826087,3.259525415,UEFA,CONMEBOL,0.47826087,0.826086957,19,3
Argentina 2006,Netherlands 2006,Argentina,Netherlands,2006-06-21,0,0,FIFA World Cup,Frankfurt am Main,Germany,TRUE,2006,N,0-0,2006 Netherlands Argentina 0-0,26.47826087,4.620798487,26.13043478,3.923175289,UEFA,CONMEBOL,0.391304348,0.739130435,3,9
Argentina 2006,Germany 2006,Argentina,Germany,2006-06-30,1,1,FIFA World Cup,Berlin,Germany,FALSE,2006,H,01-Jan,2006 Germany Argentina 1-1,26.39130435,4.915089294,26.13043478,3.923175289,UEFA,CONMEBOL,1,0.739130435,19,9
Argentina 2010,Greece 2010,Argentina,Greece,2010-06-22,0,2,FIFA World Cup,Polokwane,South Africa,TRUE,2010,N,0-2,2010 Greece Argentina 0-2,27.73913043,3.557545008,27.13043478,4.515673189,UEFA,CONMEBOL,0.260869565,0.652173913,13,7
Argentina 2014,Germany 2014,Argentina,Germany,2014-07-13,1,0,FIFA World Cup,Rio de Janeiro,Brazil,TRUE,2014,N,1-0,2014 Germany Argentina 1-0,25.39622642,3.972693441,28.52173913,2.711416356,UEFA,CONMEBOL,1,0.695652174,2,7
Argentina 2014,Netherlands 2014,Argentina,Netherlands,2014-07-09,0,0,FIFA World Cup,S?úo Paulo,Brazil,TRUE,2014,N,0-0,2014 Netherlands Argentina 0-0,25.95652174,3.819546152,28.52173913,2.711416356,UEFA,CONMEBOL,0.434782609,0.695652174,15,7
Argentina 2014,Nigeria 2014,Argentina,Nigeria,2014-06-25,2,3,FIFA World Cup,Porto Alegre,Brazil,TRUE,2014,N,03-Feb,2014 Nigeria Argentina 2-3,25.28301887,3.774292387,28.52173913,2.711416356,CAF,CONMEBOL,0.48,0.695652174,44,7
Argentina 2018,Nigeria 2018,Argentina,Nigeria,2018-06-26,0,0,FIFA World Cup,St. Petersburg,Russia,TRUE,2018,N,0-0,2018 Nigeria Argentina 0-0,25.43478261,3.578040182,28.69565217,3.636116592,CAF,CONMEBOL,0.529411765,0.652173913,47,5
Australia 2006,Croatia 2006,Australia,Croatia,2006-06-22,2,2,FIFA World Cup,Stuttgart,Germany,TRUE,2006,N,02-Feb,2006 Croatia Australia 2-2,27.52173913,3.314836692,27.91304348,3.396696838,UEFA,AFC,0.347826087,0.695652174,23,42
Australia 2006,Italy 2006,Australia,Italy,2006-06-26,1,0,FIFA World Cup,Kaiserslautern,Germany,TRUE,2006,N,1-0,2006 Italy Australia 1-0,28.2173913,3.274648097,27.91304348,3.396696838,UEFA,AFC,1,0.695652174,13,42
Australia 2006,Brazil 2006,Australia,Brazil,2006-06-18,2,0,FIFA World Cup,Munich,Germany,TRUE,2006,N,2-0,2006 Brazil Australia 2-0,28.34782609,3.66319155,27.91304348,3.396696838,CONMEBOL,AFC,0.826086957,0.695652174,1,42
Australia 2010,Germany 2010,Australia,Germany,2010-06-13,4,0,FIFA World Cup,Durban,South Africa,TRUE,2010,N,4-0,2010 Germany Australia 4-0,24.95652174,4.061775931,28.43478261,3.751679466,UEFA,AFC,1,0.391304348,6,20
Australia 2010,Ghana 2010,Australia,Ghana,2010-06-19,1,1,FIFA World Cup,Rustenburg,South Africa,TRUE,2010,N,01-Jan,2010 Ghana Australia 1-1,24.13043478,3.888261446,28.43478261,3.751679466,CAF,AFC,0.652173913,0.391304348,32,20
Australia 2014,Chile 2014,Australia,Chile,2014-06-13,3,1,FIFA World Cup,Cuiab?í,Brazil,TRUE,2014,N,01-Mar,2014 Chile Australia 3-1,27.56521739,2.936077887,25.7826087,4.209907381,CONMEBOL,AFC,0.47826087,0.3125,13,59
Australia 2018,France 2018,Australia,France,2018-06-16,0,0,FIFA World Cup,Kazan,Russia,TRUE,2018,N,0-0,2018 France Australia 0-0,25.56521739,3.906010368,27.60869565,4.335258516,UEFA,AFC,1,0.428571429,7,40
Australia 2018,Denmark 2018,Australia,Denmark,2018-06-21,0,0,FIFA World Cup,Samara,Russia,TRUE,2018,N,0-0,2018 Denmark Australia 0-0,26.69565217,3.636116592,27.60869565,4.335258516,UEFA,AFC,0.727272727,0.428571429,12,40
Austria 1998,Italy 1998,Austria,Italy,1998-06-23,2,1,FIFA World Cup,Saint-Denis,France,TRUE,1998,N,01-Feb,1998 Italy Austria 2-1,27.04545455,3.470656213,29.22727273,3.999188229,UEFA,UEFA,1,0.454545455,14,31
Austria 1998,Cameroon 1998,Austria,Cameroon,1998-06-11,1,1,FIFA World Cup,Toulouse,France,TRUE,1998,N,01-Jan,1998 Cameroon Austria 1-1,23.27272727,4.57926817,29.22727273,3.999188229,CAF,UEFA,0.545454545,0.454545455,49,31
Austria 1998,Chile 1998,Austria,Chile,1998-06-17,1,1,FIFA World Cup,Saint-?ëtienne,France,TRUE,1998,N,01-Jan,1998 Chile Austria 1-1,26.63636364,3.512500867,29.22727273,3.999188229,CONMEBOL,UEFA,0.045454545,0.454545455,9,31
Belgium 1994,Germany 1994,Belgium,Germany,1994-07-02,3,2,FIFA World Cup,Chicago,USA,TRUE,1994,N,02-Mar,1994 Germany Belgium 3-2,28.54545455,2.906925601,28.90909091,3.503863051,UEFA,UEFA,1,0.090909091,2,34
Belgium 1998,Netherlands 1998,Belgium,Netherlands,1998-06-13,0,0,FIFA World Cup,Saint-Denis,France,TRUE,1998,N,0-0,1998 Netherlands Belgium 0-0,26.5,3.247709816,29.31818182,4.764815128,UEFA,UEFA,0.545454545,0.181818182,25,36
Belgium 2002,Brazil 2002,Belgium,Brazil,2002-06-17,2,0,FIFA World Cup,Kobe,Japan,TRUE,2002,N,2-0,2002 Brazil Belgium 2-0,26.17391304,2.933384237,28.91304348,3.679340893,CONMEBOL,UEFA,0.434782609,0.304347826,2,23
Belgium 2002,Tunisia 2002,Belgium,Tunisia,2002-06-10,1,1,FIFA World Cup,?îita,Japan,TRUE,2002,N,01-Jan,2002 Tunisia Belgium 1-1,27.04347826,3.535254406,28.91304348,3.679340893,AFC,UEFA,0.260869565,0.304347826,31,23
Belgium 2002,Japan 2002,Belgium,Japan,2002-06-04,2,2,FIFA World Cup,Saitama,Japan,FALSE,2002,H,02-Feb,2002 Japan Belgium 2-2,25.26086957,3.048358594,28.91304348,3.679340893,AFC,UEFA,0.130434783,0.304347826,32,23
Belgium 2014,KoreaRepublic 2014,Belgium,KoreaRepublic,2014-06-26,0,1,FIFA World Cup,S?úo Paulo,Brazil,TRUE,2014,N,0-1,2014 Korea Republic Belgium 0-1,25.56521739,2.60471516,25.47826087,3.641547688,AFC,UEFA,0.369565217,0.727272727,55,12
Belgium 2014,Argentina 2014,Belgium,Argentina,2014-07-05,1,0,FIFA World Cup,Bras?¡lia,Brazil,TRUE,2014,N,1-0,2014 Argentina Belgium 1-0,28.52173913,2.711416356,25.47826087,3.641547688,CONMEBOL,UEFA,0.695652174,0.727272727,7,12
Belgium 2018,England 2018,Belgium,England,2018-06-28,0,0,FIFA World Cup,Oktyabrsky,Russia,TRUE,2018,N,0-0,2018 England Belgium 0-0,25.56521739,3.368653453,27.13043478,3.152262504,UEFA,UEFA,0.956521739,0.846153846,13,3
Bolivia 1994,Germany 1994,Bolivia,Germany,1994-06-17,1,0,FIFA World Cup,Chicago,USA,TRUE,1994,N,1-0,1994 Germany Bolivia 1-0,28.54545455,2.906925601,27.04545455,5.131390536,UEFA,CONMEBOL,1,0,2,43
Bolivia 1994,KoreaRepublic 1994,Bolivia,KoreaRepublic,1994-06-23,0,0,FIFA World Cup,Foxborough,USA,TRUE,1994,N,0-0,1994 Korea Republic Bolivia 0-0,26.40909091,3.080802167,27.04545455,5.131390536,AFC,CONMEBOL,0.045454545,0,37,43
Bosnia-Herzegovina 2014,Argentina 2014,Bosnia-Herzegovina,Argentina,2014-06-15,2,1,FIFA World Cup,Rio de Janeiro,Brazil,TRUE,2014,N,01-Feb,2014 Argentina Bosnia-Herzegovina 2-1,28.52173913,2.711416356,26.57447,3.634046,CONMEBOL,UEFA,0.695652174,0.51162791,7,25
Bosnia-Herzegovina 2014,Nigeria 2014,Bosnia-Herzegovina,Nigeria,2014-06-21,1,0,FIFA World Cup,Cuiab?í,Brazil,TRUE,2014,N,1-0,2014 Nigeria Bosnia-Herzegovina 1-0,25.28301887,3.774292387,26.57447,3.634046,CAF,UEFA,0.48,0.51162791,44,25
Brazil 1994,Sweden 1994,Brazil,Sweden,1994-07-13,0,1,FIFA World Cup,Pasadena,USA,TRUE,1994,N,0-1,1994 Sweden Brazil 0-1,25.22727273,3.279544367,27.40909091,3.500463791,UEFA,CONMEBOL,0.318181818,0.454545455,3,1
Brazil 1994,UnitedStates 1994,Brazil,UnitedStates,1994-07-04,0,1,FIFA World Cup,Palo Alto,USA,FALSE,1994,H,0-1,1994 USA Brazil 0-1,26.31818182,3.871585914,27.40909091,3.500463791,CONCACAF,CONMEBOL,0.545454545,0.454545455,23,1
Brazil 1994,Netherlands 1994,Brazil,Netherlands,1994-07-09,2,3,FIFA World Cup,Dallas,USA,TRUE,1994,N,03-Feb,1994 Netherlands Brazil 2-3,26.90909091,3.490246149,27.40909091,3.500463791,UEFA,CONMEBOL,0.227272727,0.454545455,11,1
Brazil 1998,France 1998,Brazil,France,1998-07-12,3,0,FIFA World Cup,Saint-Denis,France,FALSE,1998,H,3-0,1998 France Brazil 3-0,26.72727273,3.769322513,27.40909091,3.972034274,UEFA,CONMEBOL,1,0.454545455,18,1
Brazil 2002,England 2002,Brazil,England,2002-06-21,1,2,FIFA World Cup,Fukuroi,Japan,TRUE,2002,N,02-Jan,2002 England Brazil 1-2,26.65217391,5.440660853,26.17391304,2.933384237,UEFA,CONMEBOL,1,0.434782609,12,2
Brazil 2002,CostaRica 2002,Brazil,CostaRica,2002-06-13,2,5,FIFA World Cup,Suwon,Korea Republic,TRUE,2002,N,05-Feb,2002 Costa Rica Brazil 2-5,26.95652174,4.183063915,26.17391304,2.933384237,CONCACAF,CONMEBOL,0.086956522,0.434782609,29,2
Brazil 2002,Germany 2002,Brazil,Germany,2002-06-30,0,2,FIFA World Cup,Yokohama,Japan,TRUE,2002,N,0-2,2002 Germany Brazil 0-2,27.65217391,3.524056233,26.17391304,2.933384237,UEFA,CONMEBOL,1,0.434782609,11,2
Brazil 2006,Japan 2006,Brazil,Japan,2006-06-22,1,4,FIFA World Cup,Dortmund,Germany,TRUE,2006,N,04-Jan,2006 Japan Brazil 1-4,27.2173913,2.02162225,28.34782609,3.66319155,AFC,CONMEBOL,0.173913043,0.826086957,18,1
Brazil 2010,Netherlands 2010,Brazil,Netherlands,2010-07-02,2,1,FIFA World Cup,Port Elizabeth,South Africa,TRUE,2010,N,01-Feb,2010 Netherlands Brazil 2-1,27.65217391,4.206150212,28.60869565,2.709228848,UEFA,CONMEBOL,0.565217391,0.695652174,4,1
Brazil 2010,Portugal 2010,Brazil,Portugal,2010-06-25,0,0,FIFA World Cup,Durban,South Africa,TRUE,2010,N,0-0,2010 Portugal Brazil 0-0,27.82608696,2.83888861,28.60869565,2.709228848,UEFA,CONMEBOL,0.47826087,0.695652174,3,1
Brazil 2018,Serbia 2018,Brazil,Serbia,2018-06-27,0,0,FIFA World Cup,Moscow,Russia,TRUE,2018,N,0-0,2018 Serbia Brazil 0-0,26.26086957,4.673108672,28.13043478,3.375100643,UEFA,CONMEBOL,0.565217391,0.772727273,35,2
Bulgaria 1994,Argentina 1994,Bulgaria,Argentina,1994-06-30,0,2,FIFA World Cup,Dallas,USA,TRUE,1994,N,0-2,1994 Argentina Bulgaria 0-2,27.40909091,3.126828469,27.68181818,2.766919615,CONMEBOL,UEFA,0.409090909,0.545454545,6,29
Bulgaria 1994,Mexico 1994,Bulgaria,Mexico,1994-07-05,1,1,FIFA World Cup,East Rutherford,USA,TRUE,1994,N,01-Jan,1994 Mexico Bulgaria 1-1,27.68181818,2.868322284,27.68181818,2.766919615,CONCACAF,UEFA,0.090909091,0.545454545,13,29
Bulgaria 1994,Sweden 1994,Bulgaria,Sweden,1994-07-16,4,0,FIFA World Cup,Pasadena,USA,TRUE,1994,N,4-0,1994 Sweden Bulgaria 4-0,25.22727273,3.279544367,27.68181818,2.766919615,UEFA,UEFA,0.318181818,0.545454545,3,29
Bulgaria 1994,Nigeria 1994,Bulgaria,Nigeria,1994-06-21,3,0,FIFA World Cup,Dallas,USA,TRUE,1994,N,3-0,1994 Nigeria Bulgaria 3-0,25.45454545,3.376773223,27.68181818,2.766919615,CAF,UEFA,0.363636364,0.545454545,7,29
Bulgaria 1998,Spain 1998,Bulgaria,Spain,1998-06-24,6,1,FIFA World Cup,Lens,France,TRUE,1998,N,01-Jun,1998 Spain Bulgaria 6-1,26.72727273,3.844375213,27.63636364,3.982646339,UEFA,UEFA,1,0.227272727,15,35
Bulgaria 1998,Nigeria 1998,Bulgaria,Nigeria,1998-06-19,1,0,FIFA World Cup,Paris,France,TRUE,1998,N,1-0,1998 Nigeria Bulgaria 1-0,25.90909091,4.264014327,27.63636364,3.982646339,CAF,UEFA,0.454545455,0.227272727,74,35
Bulgaria 1998,Paraguay 1998,Bulgaria,Paraguay,1998-06-12,0,0,FIFA World Cup,Montpellier,France,TRUE,1998,N,0-0,1998 Paraguay Bulgaria 0-0,26.18181818,3.361354087,27.63636364,3.982646339,CONMEBOL,UEFA,0.090909091,0.227272727,29,35
Cameroon 1994,Brazil 1994,Cameroon,Brazil,1994-06-24,3,0,FIFA World Cup,Palo Alto,USA,TRUE,1994,N,3-0,1994 Brazil Cameroon 3-0,27.40909091,3.500463791,27.04545455,6.440033072,CONMEBOL,CAF,0.454545455,0.272727273,1,24
Cameroon 1994,Russia 1994,Cameroon,Russia,1994-06-28,6,1,FIFA World Cup,Palo Alto,USA,TRUE,1994,N,01-Jun,1994 Russia Cameroon 6-1,25.36363636,2.786796327,27.04545455,6.440033072,UEFA,CAF,0.454545455,0.272727273,20,24
Cameroon 1998,Italy 1998,Cameroon,Italy,1998-06-17,3,0,FIFA World Cup,Montpellier,France,TRUE,1998,N,3-0,1998 Italy Cameroon 3-0,27.04545455,3.470656213,23.27272727,4.57926817,UEFA,CAF,1,0.545454545,14,49
Cameroon 1998,Chile 1998,Cameroon,Chile,1998-06-23,1,1,FIFA World Cup,Nantes,France,TRUE,1998,N,01-Jan,1998 Chile Cameroon 1-1,26.63636364,3.512500867,23.27272727,4.57926817,CONMEBOL,CAF,0.045454545,0.545454545,9,49
Cameroon 2002,Ireland 2002,Cameroon,Ireland,2002-06-01,1,1,FIFA World Cup,Niigata,Japan,TRUE,2002,N,01-Jan,2002 Ireland Cameroon 1-1,26.91304348,4.066638588,25.08695652,4.122146875,UEFA,CAF,1,0.826086957,15,17
Cameroon 2010,Japan 2010,Cameroon,Japan,2010-06-14,1,0,FIFA World Cup,Bloemfontein,South Africa,TRUE,2010,N,1-0,2010 Japan Cameroon 1-0,27.82608696,3.433156167,25.17391304,4.608807516,AFC,CAF,0.130434783,0.739130435,45,19
Cameroon 2014,Brazil 2014,Cameroon,Brazil,2014-06-23,4,1,FIFA World Cup,Bras?¡lia,Brazil,FALSE,2014,H,01-Apr,2014 Brazil Cameroon 4-1,27.82608696,3.381678399,26.2173913,4.033456917,CONMEBOL,CAF,0.695652174,0.705882353,4,50
Cameroon 2014,Mexico 2014,Cameroon,Mexico,2014-06-13,1,0,FIFA World Cup,Natal,Brazil,TRUE,2014,N,1-0,2014 Mexico Cameroon 1-0,27.02173913,3.855669018,26.2173913,4.033456917,CONCACAF,CAF,0.239130435,0.705882353,19,50
Chile 1998,Italy 1998,Chile,Italy,1998-06-11,2,2,FIFA World Cup,Bordeaux,France,TRUE,1998,N,02-Feb,1998 Italy Chile 2-2,27.04545455,3.470656213,26.63636364,3.512500867,UEFA,CONMEBOL,1,0.045454545,14,9
Chile 1998,Brazil 1998,Chile,Brazil,1998-06-27,4,1,FIFA World Cup,Paris,France,TRUE,1998,N,01-Apr,1998 Brazil Chile 4-1,27.40909091,3.972034274,26.63636364,3.512500867,CONMEBOL,CONMEBOL,0.454545455,0.045454545,1,9
Chile 2010,Honduras 2010,Chile,Honduras,2010-06-16,0,1,FIFA World Cup,Nelspruit,South Africa,TRUE,2010,N,0-1,2010 Honduras Chile 0-1,28,3.592922336,25.86956522,2.768398747,CONCACAF,CONMEBOL,0.217391304,0.347826087,38,18
Chile 2010,Brazil 2010,Chile,Brazil,2010-06-28,3,0,FIFA World Cup,Johannesburg,South Africa,TRUE,2010,N,3-0,2010 Brazil Chile 3-0,28.60869565,2.709228848,25.86956522,2.768398747,CONMEBOL,CONMEBOL,0.695652174,0.347826087,1,18
Chile 2014,Spain 2014,Chile,Spain,2014-06-18,0,2,FIFA World Cup,Rio de Janeiro,Brazil,TRUE,2014,N,0-2,2014 Spain Chile 0-2,27.7826087,3.26073781,27.56521739,2.936077887,UEFA,CONMEBOL,1,0.47826087,1,13
Chile 2014,Netherlands 2014,Chile,Netherlands,2014-06-23,2,0,FIFA World Cup,S?úo Paulo,Brazil,TRUE,2014,N,2-0,2014 Netherlands Chile 2-0,25.95652174,3.819546152,27.56521739,2.936077887,UEFA,CONMEBOL,0.434782609,0.47826087,15,13
Chile 2014,Brazil 2014,Chile,Brazil,2014-06-28,1,1,FIFA World Cup,Belo Horizonte,Brazil,FALSE,2014,H,01-Jan,2014 Brazil Chile 1-1,27.82608696,3.381678399,27.56521739,2.936077887,CONMEBOL,CONMEBOL,0.695652174,0.47826087,4,13
China 2002,Turkey 2002,China,Turkey,2002-06-13,3,0,FIFA World Cup,Seoul,Korea Republic,TRUE,2002,N,3-0,2002 Turkey China 3-0,27.56521739,3.130873926,25.73913043,3.910561356,UEFA,AFC,0.391304348,0.086956522,22,50
China 2002,Brazil 2002,China,Brazil,2002-06-08,4,0,FIFA World Cup,Seogwipo,Korea Republic,TRUE,2002,N,4-0,2002 Brazil China 4-0,26.17391304,2.933384237,25.73913043,3.910561356,CONMEBOL,AFC,0.434782609,0.086956522,2,50
Colombia 1994,Switzerland 1994,Colombia,Switzerland,1994-06-26,0,2,FIFA World Cup,Palo Alto,USA,TRUE,1994,N,0-2,1994 Switzerland Colombia 0-2,27.81818182,3.800205053,26.86363636,3.758108118,UEFA,CONMEBOL,0.181818182,0.090909091,8,18
Colombia 1994,UnitedStates 1994,Colombia,UnitedStates,1994-06-22,2,1,FIFA World Cup,Pasadena,USA,FALSE,1994,H,01-Feb,1994 USA Colombia 2-1,26.31818182,3.871585914,26.86363636,3.758108118,CONCACAF,CONMEBOL,0.545454545,0.090909091,23,18
Colombia 1998,Romania 1998,Colombia,Romania,1998-06-15,1,0,FIFA World Cup,Lyon,France,TRUE,1998,N,1-0,1998 Romania Colombia 1-0,27.95454545,3.344893375,27.59090909,3.88720846,UEFA,CONMEBOL,0.363636364,0.136363636,22,10
Colombia 2014,Brazil 2014,Colombia,Brazil,2014-07-04,2,1,FIFA World Cup,Fortaleza,Brazil,FALSE,2014,H,01-Feb,2014 Brazil Colombia 2-1,27.82608696,3.381678399,26.95652174,4.866193779,CONMEBOL,CONMEBOL,0.695652174,0.565217391,4,5
Colombia 2014,Japan 2014,Colombia,Japan,2014-06-24,1,4,FIFA World Cup,Cuiab?í,Brazil,TRUE,2014,N,04-Jan,2014 Japan Colombia 1-4,26.91304348,3.132136121,26.95652174,4.866193779,AFC,CONMEBOL,0.47826087,0.565217391,47,5
Colombia 2018,Senegal 2018,Colombia,Senegal,2018-06-28,0,0,FIFA World Cup,Samara,Russia,TRUE,2018,N,0-0,2018 Senegal Colombia 0-0,26.69565217,3.469801967,27.65217391,3.379196995,CAF,CONMEBOL,0.85,0.441176471,28,16
Colombia 2018,Poland 2018,Colombia,Poland,2018-06-24,0,0,FIFA World Cup,Kazan,Russia,TRUE,2018,N,0-0,2018 Poland Colombia 0-0,27.91304348,3.679340893,27.65217391,3.379196995,UEFA,CONMEBOL,0.655172414,0.441176471,10,16
CostaRica 2002,China 2002,CostaRica,China,2002-06-04,0,2,FIFA World Cup,Gwangju,Korea Republic,TRUE,2002,N,0-2,2002 China Costa Rica 0-2,25.73913043,3.910561356,26.95652174,4.183063915,AFC,CONCACAF,0.086956522,0.086956522,50,29
CostaRica 2006,Germany 2006,CostaRica,Germany,2006-06-09,4,2,FIFA World Cup,Munich,Germany,FALSE,2006,H,02-Apr,2006 Germany Costa Rica 4-2,26.39130435,4.915089294,27.30434783,3.982173717,UEFA,CONCACAF,1,0.043478261,19,26
CostaRica 2006,Ecuador 2006,CostaRica,Ecuador,2006-06-15,3,0,FIFA World Cup,Hamburg,Germany,TRUE,2006,N,3-0,2006 Ecuador Costa Rica 3-0,26.47826087,3.641547688,27.30434783,3.982173717,CONMEBOL,CONCACAF,0.086956522,0.043478261,39,26
CostaRica 2014,Italy 2014,CostaRica,Italy,2014-06-20,0,1,FIFA World Cup,Recife,Brazil,TRUE,2014,N,0-1,2014 Italy Costa Rica 0-1,27.39130435,4.218348777,26.86956522,3.094046304,UEFA,CONCACAF,1,0.1,9,34
CostaRica 2014,Netherlands 2014,CostaRica,Netherlands,2014-07-05,0,0,FIFA World Cup,Salvador,Brazil,TRUE,2014,N,0-0,2014 Netherlands Costa Rica 0-0,25.95652174,3.819546152,26.86956522,3.094046304,UEFA,CONCACAF,0.434782609,0.1,15,34
CostaRica 2014,Uruguay 2014,CostaRica,Uruguay,2014-06-14,1,3,FIFA World Cup,Fortaleza,Brazil,TRUE,2014,N,03-Jan,2014 Uruguay Costa Rica 1-3,28.08695652,3.860205405,26.86956522,3.094046304,CONMEBOL,CONCACAF,0.590909091,0.1,6,34
CostaRica 2018,Brazil 2018,CostaRica,Brazil,2018-06-22,0,0,FIFA World Cup,St. Petersburg,Russia,TRUE,2018,N,0-0,2018 Brazil Costa Rica 0-0,28.13043478,3.375100643,29.08695652,3.752732865,CONMEBOL,CONCACAF,0.772727273,0.272727273,2,25
CostaRica 2018,Switzerland 2018,CostaRica,Switzerland,2018-06-27,0,0,FIFA World Cup,Nizhny,Russia,TRUE,2018,N,0-0,2018 Switzerland Costa Rica 0-0,26.65217391,3.712493595,29.08695652,3.752732865,UEFA,CONCACAF,0.846153846,0.272727273,6,25
Croatia 1998,Romania 1998,Croatia,Romania,1998-06-30,0,1,FIFA World Cup,Bordeaux,France,TRUE,1998,N,0-1,1998 Romania Croatia 0-1,27.95454545,3.344893375,27.5,4.564354646,UEFA,UEFA,0.363636364,0.5,22,19
Croatia 1998,Argentina 1998,Croatia,Argentina,1998-06-26,1,0,FIFA World Cup,Bordeaux,France,TRUE,1998,N,1-0,1998 Argentina Croatia 1-0,26.09090909,3.069187746,27.5,4.564354646,CONMEBOL,UEFA,0.681818182,0.5,6,19
Croatia 1998,Japan 1998,Croatia,Japan,1998-06-20,0,1,FIFA World Cup,Nantes,France,TRUE,1998,N,0-1,1998 Japan Croatia 0-1,25.31818182,3.427985159,27.5,4.564354646,AFC,UEFA,0,0.5,12,19
Croatia 1998,Jamaica 1998,Croatia,Jamaica,1998-06-14,1,3,FIFA World Cup,Lens,France,TRUE,1998,N,03-Jan,1998 Jamaica Croatia 1-3,25.95454545,3.897218455,27.5,4.564354646,CONCACAF,UEFA,0.318181818,0.5,30,19
Croatia 1998,Netherlands 1998,Croatia,Netherlands,1998-07-11,1,2,FIFA World Cup,Paris,France,TRUE,1998,N,02-Jan,1998 Netherlands Croatia 1-2,26.5,3.247709816,27.5,4.564354646,UEFA,UEFA,0.545454545,0.5,25,19
Croatia 1998,France 1998,Croatia,France,1998-07-08,2,1,FIFA World Cup,Saint-Denis,France,FALSE,1998,H,01-Feb,1998 France Croatia 2-1,26.72727273,3.769322513,27.5,4.564354646,UEFA,UEFA,1,0.5,18,19
Croatia 1998,Germany 1998,Croatia,Germany,1998-07-04,0,3,FIFA World Cup,Lyon,France,TRUE,1998,N,0-3,1998 Germany Croatia 0-3,29.77272727,3.598039389,27.5,4.564354646,UEFA,UEFA,1,0.5,2,19
Croatia 2002,Ecuador 2002,Croatia,Ecuador,2002-06-13,1,0,FIFA World Cup,Yokohama,Japan,TRUE,2002,N,1-0,2002 Ecuador Croatia 1-0,27.39130435,3.589620522,27.65217391,3.844815821,CONMEBOL,UEFA,0.043478261,0.652173913,36,21
Croatia 2002,Italy 2002,Croatia,Italy,2002-06-08,1,2,FIFA World Cup,Kashima,Japan,TRUE,2002,N,02-Jan,2002 Italy Croatia 1-2,27.60869565,2.79185716,27.65217391,3.844815821,UEFA,UEFA,1,0.652173913,6,21
Croatia 2006,Japan 2006,Croatia,Japan,2006-06-18,0,0,FIFA World Cup,Nuremberg,Germany,TRUE,2006,N,0-0,2006 Japan Croatia 0-0,27.2173913,2.02162225,27.52173913,3.314836692,AFC,UEFA,0.173913043,0.347826087,18,23
Croatia 2006,Brazil 2006,Croatia,Brazil,2006-06-13,1,0,FIFA World Cup,Berlin,Germany,TRUE,2006,N,1-0,2006 Brazil Croatia 1-0,28.34782609,3.66319155,27.52173913,3.314836692,CONMEBOL,UEFA,0.826086957,0.347826087,1,23
Croatia 2014,Cameroon 2014,Croatia,Cameroon,2014-06-18,0,4,FIFA World Cup,Manaus,Brazil,TRUE,2014,N,0-4,2014 Cameroon Croatia 0-4,26.2173913,4.033456917,26.95652174,4.353454854,CAF,UEFA,0.705882353,0.578947368,50,20
Croatia 2014,Brazil 2014,Croatia,Brazil,2014-06-12,3,1,FIFA World Cup,S?úo Paulo,Brazil,FALSE,2014,H,01-Mar,2014 Brazil Croatia 3-1,27.82608696,3.381678399,26.95652174,4.353454854,CONMEBOL,UEFA,0.695652174,0.578947368,4,20
Croatia 2018,Argentina 2018,Croatia,Argentina,2018-06-21,0,0,FIFA World Cup,Nizhny,Russia,TRUE,2018,N,0-0,2018 Argentina Croatia 0-0,28.69565217,3.636116592,27.43478261,3.500988003,CONMEBOL,UEFA,0.652173913,0.666666667,5,18
Croatia 2018,Iceland 2018,Croatia,Iceland,2018-06-26,0,0,FIFA World Cup,Rostov,Russia,TRUE,2018,N,0-0,2018 Iceland Croatia 0-0,28.13043478,4.277896125,27.43478261,3.500988003,UEFA,UEFA,0.352941176,0.666666667,22,18
CzechRepublic 2006,UnitedStates 2006,CzechRepublic,UnitedStates,2006-06-12,0,3,FIFA World Cup,Gelsenkirchen,Germany,TRUE,2006,N,0-3,2006 USA Czech Republic 0-3,28.26086957,3.804511572,28.52173913,3.369240071,CONCACAF,UEFA,0.434782609,0.52173913,5,2
Denmark 1998,France 1998,Denmark,France,1998-06-24,2,1,FIFA World Cup,Lyon,France,FALSE,1998,H,01-Feb,1998 France Denmark 2-1,26.72727273,3.769322513,28.81818182,3.332900405,UEFA,UEFA,1,0.454545455,18,27
Denmark 1998,Brazil 1998,Denmark,Brazil,1998-07-03,3,2,FIFA World Cup,Nantes,France,TRUE,1998,N,02-Mar,1998 Brazil Denmark 3-2,27.40909091,3.972034274,28.81818182,3.332900405,CONMEBOL,UEFA,0.454545455,0.454545455,1,27
Denmark 1998,SaudiArabia 1998,Denmark,SaudiArabia,1998-06-12,0,1,FIFA World Cup,Lens,France,TRUE,1998,N,0-1,1998 Saudi Arabia Denmark 0-1,24.95454545,3.373245897,28.81818182,3.332900405,AFC,UEFA,0,0.454545455,34,27
Denmark 1998,Nigeria 1998,Denmark,Nigeria,1998-06-28,1,4,FIFA World Cup,Saint-Denis,France,TRUE,1998,N,04-Jan,1998 Nigeria Denmark 1-4,25.90909091,4.264014327,28.81818182,3.332900405,CAF,UEFA,0.454545455,0.454545455,74,27
Denmark 1998,SouthAfrica 1998,Denmark,SouthAfrica,1998-06-18,1,1,FIFA World Cup,Toulouse,France,TRUE,1998,N,01-Jan,1998 South Africa Denmark 1-1,25.69565217,3.349827439,28.81818182,3.332900405,CAF,UEFA,0.260869565,0.454545455,24,27
Denmark 2002,Uruguay 2002,Denmark,Uruguay,2002-06-01,1,2,FIFA World Cup,Ulsan,Korea Republic,TRUE,2002,N,02-Jan,2002 Uruguay Denmark 1-2,25.30434783,2.49426219,27.39130435,4.678180789,CONMEBOL,UEFA,0.608695652,0.434782609,24,20
Denmark 2010,Cameroon 2010,Denmark,Cameroon,2010-06-19,1,2,FIFA World Cup,Pretoria,South Africa,TRUE,2010,N,02-Jan,2010 Cameroon Denmark 1-2,25.17391304,4.608807516,27.69565217,4.257984826,CAF,UEFA,0.739130435,0.47826087,19,36
Denmark 2010,Netherlands 2010,Denmark,Netherlands,2010-06-14,2,0,FIFA World Cup,Johannesburg,South Africa,TRUE,2010,N,2-0,2010 Netherlands Denmark 2-0,27.65217391,4.206150212,27.69565217,4.257984826,UEFA,UEFA,0.565217391,0.47826087,4,36
Denmark 2018,Peru 2018,Denmark,Peru,2018-06-16,0,0,FIFA World Cup,Saransk,Russia,TRUE,2018,N,0-0,2018 Peru Denmark 0-0,26.95652174,3.636660067,26.69565217,3.636116592,CONMEBOL,UEFA,0.086956522,0.727272727,11,12
Ecuador 2002,Mexico 2002,Ecuador,Mexico,2002-06-09,2,1,FIFA World Cup,Rifu,Japan,TRUE,2002,N,01-Feb,2002 Mexico Ecuador 2-1,28.52173913,3.369240071,27.39130435,3.589620522,CONCACAF,CONMEBOL,0.173913043,0.043478261,7,36
Ecuador 2002,Italy 2002,Ecuador,Italy,2002-06-03,2,0,FIFA World Cup,Sapporo,Japan,TRUE,2002,N,2-0,2002 Italy Ecuador 2-0,27.60869565,2.79185716,27.39130435,3.589620522,UEFA,CONMEBOL,1,0.043478261,6,36
Ecuador 2006,Poland 2006,Ecuador,Poland,2006-06-09,0,2,FIFA World Cup,Gelsenkirchen,Germany,TRUE,2006,N,0-2,2006 Poland Ecuador 0-2,26.73913043,3.018388964,26.47826087,3.641547688,UEFA,CONMEBOL,0.217391304,0.086956522,29,39
Ecuador 2006,England 2006,Ecuador,England,2006-06-25,1,0,FIFA World Cup,Stuttgart,Germany,TRUE,2006,N,1-0,2006 England Ecuador 1-0,25.26086957,4.255663513,26.47826087,3.641547688,UEFA,CONMEBOL,1,0.086956522,10,39
Ecuador 2006,Germany 2006,Ecuador,Germany,2006-06-20,3,0,FIFA World Cup,Berlin,Germany,FALSE,2006,H,3-0,2006 Germany Ecuador 3-0,26.39130435,4.915089294,26.47826087,3.641547688,UEFA,CONMEBOL,1,0.086956522,19,39
Ecuador 2014,Honduras 2014,Ecuador,Honduras,2014-06-20,1,2,FIFA World Cup,Curitiba,Brazil,TRUE,2014,N,02-Jan,2014 Honduras Ecuador 1-2,28.04347826,3.932522638,27.0212766,3.697762906,CONCACAF,CONMEBOL,0.2,0.170212766,30,28
Ecuador 2014,Switzerland 2014,Ecuador,Switzerland,2014-06-15,2,1,FIFA World Cup,Bras?¡lia,Brazil,TRUE,2014,N,01-Feb,2014 Switzerland Ecuador 2-1,25.60869565,3.40773359,27.0212766,3.697762906,UEFA,CONMEBOL,0.8,0.170212766,8,28
Egypt 2018,SaudiArabia 2018,Egypt,SaudiArabia,2018-06-25,0,0,FIFA World Cup,Volgogrand,Russia,TRUE,2018,N,0-0,2018 Saudi Arabia Egypt 0-0,28.13043478,3.733196873,28.43478261,5.052686837,AFC,CAF,0.107142857,0.363636364,67,46
Egypt 2018,Russia 2018,Egypt,Russia,2018-06-19,0,0,FIFA World Cup,St. Petersburg,Russia,FALSE,2018,H,0-0,2018 Russia Egypt 0-0,28.26086957,4.201919381,28.43478261,5.052686837,UEFA,CAF,0.052631579,0.363636364,66,46
England 1998,Argentina 1998,England,Argentina,1998-06-30,2,2,FIFA World Cup,Saint-?ëtienne,France,TRUE,1998,N,02-Feb,1998 Argentina England 2-2,26.09090909,3.069187746,27.54545455,4.415635345,CONMEBOL,UEFA,0.681818182,1,6,5
England 1998,Colombia 1998,England,Colombia,1998-06-26,0,2,FIFA World Cup,Lens,France,TRUE,1998,N,0-2,1998 Colombia England 0-2,27.59090909,3.88720846,27.54545455,4.415635345,CONMEBOL,UEFA,0.136363636,1,10,5
England 1998,Romania 1998,England,Romania,1998-06-22,2,1,FIFA World Cup,Toulouse,France,TRUE,1998,N,01-Feb,1998 Romania England 2-1,27.95454545,3.344893375,27.54545455,4.415635345,UEFA,UEFA,0.363636364,1,22,5
England 2002,Denmark 2002,England,Denmark,2002-06-15,0,3,FIFA World Cup,Niigata,Japan,TRUE,2002,N,0-3,2002 Denmark England 0-3,27.39130435,4.678180789,26.65217391,5.440660853,UEFA,UEFA,0.434782609,1,20,12
England 2002,Argentina 2002,England,Argentina,2002-06-07,0,1,FIFA World Cup,Sapporo,Japan,TRUE,2002,N,0-1,2002 Argentina England 0-1,28.47826087,3.259525415,26.65217391,5.440660853,CONMEBOL,UEFA,0.826086957,1,3,12
England 2002,Nigeria 2002,England,Nigeria,2002-06-12,0,0,FIFA World Cup,Osaka,Japan,TRUE,2002,N,0-0,2002 Nigeria England 0-0,23.39130435,4.609665048,26.65217391,5.440660853,CAF,UEFA,0.347826087,1,27,12
England 2006,Sweden 2006,England,Sweden,2006-06-20,2,2,FIFA World Cup,Cologne,Germany,TRUE,2006,N,02-Feb,2006 Sweden England 2-2,27.47826087,3.776356652,25.26086957,4.255663513,UEFA,UEFA,0.347826087,1,16,10
England 2010,Slovenia 2010,England,Slovenia,2010-06-23,0,1,FIFA World Cup,Port Elizabeth,South Africa,TRUE,2010,N,0-1,2010 Slovenia England 0-1,26.73913043,3.387374839,28.43478261,3.539723756,UEFA,UEFA,0.47826087,1,25,8
England 2010,Germany 2010,England,Germany,2010-06-27,4,1,FIFA World Cup,Bloemfontein,South Africa,TRUE,2010,N,01-Apr,2010 Germany England 4-1,24.95652174,4.061775931,28.43478261,3.539723756,UEFA,UEFA,1,1,6,8
England 2014,Uruguay 2014,England,Uruguay,2014-06-19,2,1,FIFA World Cup,S?úo Paulo,Brazil,TRUE,2014,N,01-Feb,2014 Uruguay England 2-1,28.08695652,3.860205405,26.04347826,4.790883965,CONMEBOL,UEFA,0.590909091,0.826086957,6,11
England 2014,CostaRica 2014,England,CostaRica,2014-06-24,0,0,FIFA World Cup,Belo Horizonte,Brazil,TRUE,2014,N,0-0,2014 Costa Rica England 0-0,26.86956522,3.094046304,26.04347826,4.790883965,CONCACAF,UEFA,0.1,0.826086957,34,11
England 2018,Tunisia 2018,England,Tunisia,2018-06-18,0,0,FIFA World Cup,Volgogrand,Russia,TRUE,2018,N,0-0,2018 Tunisia England 0-0,26,3.16227766,25.56521739,3.368653453,AFC,UEFA,0.3,0.956521739,14,13
France 2002,Denmark 2002,France,Denmark,2002-06-11,2,0,FIFA World Cup,Incheon,Korea Republic,TRUE,2002,N,2-0,2002 Denmark France 2-0,27.39130435,4.678180789,28.26086957,3.695419663,UEFA,UEFA,0.434782609,1,20,1
France 2006,Togo 2006,France,Togo,2006-06-23,0,2,FIFA World Cup,Cologne,Germany,TRUE,2006,N,0-2,2006 Togo France 0-2,25.30434783,3.110609157,28.52173913,3.409472969,CAF,UEFA,0.565217391,1,61,8
France 2006,Portugal 2006,France,Portugal,2006-07-05,0,1,FIFA World Cup,Munich,Germany,TRUE,2006,N,0-1,2006 Portugal France 0-1,27.91304348,3.232126284,28.52173913,3.409472969,UEFA,UEFA,0.565217391,1,7,8
France 2006,Brazil 2006,France,Brazil,2006-07-01,0,1,FIFA World Cup,Frankfurt am Main,Germany,TRUE,2006,N,0-1,2006 Brazil France 0-1,28.34782609,3.66319155,28.52173913,3.409472969,CONMEBOL,UEFA,0.826086957,1,1,8
France 2006,Italy 2006,France,Italy,2006-07-09,1,1,FIFA World Cup,Berlin,Germany,TRUE,2006,N,01-Jan,2006 Italy France 1-1,28.2173913,3.274648097,28.52173913,3.409472969,UEFA,UEFA,1,1,13,8
France 2006,Spain 2006,France,Spain,2006-06-27,1,3,FIFA World Cup,Hanover,Germany,TRUE,2006,N,03-Jan,2006 Spain France 1-3,25.60869565,3.786808808,28.52173913,3.409472969,UEFA,UEFA,1,1,5,8
France 2010,SouthAfrica 2010,France,SouthAfrica,2010-06-22,2,1,FIFA World Cup,Bloemfontein,South Africa,FALSE,2010,H,01-Feb,2010 South Africa France 2-1,26.91304348,3.14661497,27.47826087,2.793979977,CAF,UEFA,0.130434783,0.956521739,83,9
France 2010,Uruguay 2010,France,Uruguay,2010-06-11,0,0,FIFA World Cup,Cape Town,South Africa,TRUE,2010,N,0-0,2010 Uruguay France 0-0,26.73913043,3.683098884,27.47826087,2.793979977,CONMEBOL,UEFA,0.347826087,0.956521739,16,9
France 2014,Ecuador 2014,France,Ecuador,2014-06-25,0,0,FIFA World Cup,Rio de Janeiro,Brazil,TRUE,2014,N,0-0,2014 Ecuador France 0-0,27.0212766,3.697762906,26.39130435,3.774786333,CONMEBOL,UEFA,0.170212766,0.956521739,28,16
France 2014,Switzerland 2014,France,Switzerland,2014-06-20,2,5,FIFA World Cup,Salvador,Brazil,TRUE,2014,N,05-Feb,2014 Switzerland France 2-5,25.60869565,3.40773359,26.39130435,3.774786333,UEFA,UEFA,0.8,0.956521739,8,16
France 2018,Denmark 2018,France,Denmark,2018-06-26,0,0,FIFA World Cup,Moscow,Russia,TRUE,2018,N,0-0,2018 Denmark France 0-0,26.69565217,3.636116592,25.56521739,3.906010368,UEFA,UEFA,0.727272727,1,12,7
Germany 1994,Bulgaria 1994,Germany,Bulgaria,1994-07-10,2,1,FIFA World Cup,East Rutherford,USA,TRUE,1994,N,01-Feb,1994 Bulgaria Germany 2-1,27.68181818,2.766919615,28.54545455,2.906925601,UEFA,UEFA,0.545454545,1,29,2
Germany 2002,KoreaRepublic 2002,Germany,KoreaRepublic,2002-06-25,0,1,FIFA World Cup,Seoul,Korea Republic,FALSE,2002,H,0-1,2002 Korea Republic Germany 0-1,26.69565217,4.193444913,27.65217391,3.524056233,AFC,UEFA,0.043478261,1,40,11
Germany 2002,Cameroon 2002,Germany,Cameroon,2002-06-11,0,2,FIFA World Cup,Fukuroi,Japan,TRUE,2002,N,0-2,2002 Cameroon Germany 0-2,25.08695652,4.122146875,27.65217391,3.524056233,CAF,UEFA,0.826086957,1,17,11
Germany 2010,Ghana 2010,Germany,Ghana,2010-06-23,0,1,FIFA World Cup,Johannesburg,South Africa,TRUE,2010,N,0-1,2010 Ghana Germany 0-1,24.13043478,3.888261446,24.95652174,4.061775931,CAF,UEFA,0.652173913,1,32,6
Germany 2010,Argentina 2010,Germany,Argentina,2010-07-03,0,4,FIFA World Cup,Cape Town,South Africa,TRUE,2010,N,0-4,2010 Argentina Germany 0-4,27.13043478,4.515673189,24.95652174,4.061775931,CONMEBOL,UEFA,0.652173913,1,7,6
Germany 2010,Uruguay 2010,Germany,Uruguay,2010-07-10,2,3,FIFA World Cup,Port Elizabeth,South Africa,TRUE,2010,N,03-Feb,2010 Uruguay Germany 2-3,26.73913043,3.683098884,24.95652174,4.061775931,CONMEBOL,UEFA,0.347826087,1,16,6
Germany 2014,Brazil 2014,Germany,Brazil,2014-07-08,1,7,FIFA World Cup,Belo Horizonte,Brazil,FALSE,2014,H,07-Jan,2014 Brazil Germany 1-7,27.82608696,3.381678399,25.39622642,3.972693441,CONMEBOL,UEFA,0.695652174,1,4,2
Germany 2014,UnitedStates 2014,Germany,UnitedStates,2014-06-26,0,1,FIFA World Cup,Recife,Brazil,TRUE,2014,N,0-1,2014 USA Germany 0-1,27.30434783,4.537067361,25.39622642,3.972693441,CONCACAF,UEFA,0.470588235,1,14,2
Germany 2014,France 2014,Germany,France,2014-07-04,0,1,FIFA World Cup,Rio de Janeiro,Brazil,TRUE,2014,N,0-1,2014 France Germany 0-1,26.39130435,3.774786333,25.39622642,3.972693441,UEFA,UEFA,0.956521739,1,16,2
Germany 2018,KoreaRepublic 2018,Germany,KoreaRepublic,2018-06-27,0,0,FIFA World Cup,Kazan,Russia,TRUE,2018,N,0-0,2018 Korea Republic Germany 0-0,27.30434783,2.819329105,26.69565217,3.125187741,AFC,UEFA,0.222222222,1,61,1
Ghana 2006,Italy 2006,Ghana,Italy,2006-06-12,2,0,FIFA World Cup,Hanover,Germany,TRUE,2006,N,2-0,2006 Italy Ghana 2-0,28.2173913,3.274648097,24.60869565,2.934731371,UEFA,CAF,1,0.347826087,13,48
Ghana 2006,CzechRepublic 2006,Ghana,CzechRepublic,2006-06-17,0,2,FIFA World Cup,Cologne,Germany,TRUE,2006,N,0-2,2006 Czech Republic Ghana 0-2,28.52173913,3.369240071,24.60869565,2.934731371,UEFA,CAF,0.52173913,0.347826087,2,48
Ghana 2006,Brazil 2006,Ghana,Brazil,2006-06-27,3,0,FIFA World Cup,Dortmund,Germany,TRUE,2006,N,3-0,2006 Brazil Ghana 3-0,28.34782609,3.66319155,24.60869565,2.934731371,CONMEBOL,CAF,0.826086957,0.347826087,1,48
Ghana 2010,Serbia 2010,Ghana,Serbia,2010-06-13,0,1,FIFA World Cup,Pretoria,South Africa,TRUE,2010,N,0-1,2010 Serbia Ghana 0-1,25.95652174,3.125820051,24.13043478,3.888261446,UEFA,CAF,0.608695652,0.652173913,15,32
Ghana 2010,UnitedStates 2010,Ghana,UnitedStates,2010-06-26,1,2,FIFA World Cup,Rustenburg,South Africa,TRUE,2010,N,02-Jan,2010 USA Ghana 1-2,26.86956522,3.76954721,24.13043478,3.888261446,CONCACAF,CAF,0.565217391,0.652173913,14,32
Ghana 2010,Uruguay 2010,Ghana,Uruguay,2010-07-02,1,1,FIFA World Cup,Johannesburg,South Africa,TRUE,2010,N,01-Jan,2010 Uruguay Ghana 1-1,26.73913043,3.683098884,24.13043478,3.888261446,CONMEBOL,CAF,0.347826087,0.652173913,16,32
Ghana 2014,Portugal 2014,Ghana,Portugal,2014-06-26,2,1,FIFA World Cup,Bras?¡lia,Brazil,TRUE,2014,N,01-Feb,2014 Portugal Ghana 2-1,28.17391304,3.242504278,24.91304348,2.712145134,UEFA,CAF,0.476190476,0.625,3,38
Ghana 2014,Germany 2014,Ghana,Germany,2014-06-21,2,2,FIFA World Cup,Fortaleza,Brazil,TRUE,2014,N,02-Feb,2014 Germany Ghana 2-2,25.39622642,3.972693441,24.91304348,2.712145134,UEFA,CAF,1,0.625,2,38
Greece 1994,Bulgaria 1994,Greece,Bulgaria,1994-06-26,4,0,FIFA World Cup,Chicago,USA,TRUE,1994,N,4-0,1994 Bulgaria Greece 4-0,27.68181818,2.766919615,28.40909091,4.066812147,UEFA,UEFA,0.545454545,0,29,32
Greece 1994,Argentina 1994,Greece,Argentina,1994-06-21,4,0,FIFA World Cup,Foxborough,USA,TRUE,1994,N,4-0,1994 Argentina Greece 4-0,27.40909091,3.126828469,28.40909091,4.066812147,CONMEBOL,UEFA,0.409090909,0,6,32
Greece 2010,KoreaRepublic 2010,Greece,KoreaRepublic,2010-06-12,2,0,FIFA World Cup,Port Elizabeth,South Africa,TRUE,2010,N,2-0,2010 Korea Republic Greece 2-0,27.13043478,4.485373683,27.73913043,3.557545008,AFC,UEFA,0.173913043,0.260869565,47,13
Greece 2014,Colombia 2014,Greece,Colombia,2014-06-14,3,0,FIFA World Cup,Belo Horizonte,Brazil,TRUE,2014,N,3-0,2014 Colombia Greece 3-0,26.95652174,4.866193779,28,4.253340933,CONMEBOL,UEFA,0.565217391,0.5,5,10
Greece 2014,Japan 2014,Greece,Japan,2014-06-19,0,0,FIFA World Cup,Natal,Brazil,TRUE,2014,N,0-0,2014 Japan Greece 0-0,26.91304348,3.132136121,28,4.253340933,AFC,UEFA,0.47826087,0.5,47,10
Greece 2014,CostaRica 2014,Greece,CostaRica,2014-06-29,1,1,FIFA World Cup,Recife,Brazil,TRUE,2014,N,01-Jan,2014 Costa Rica Greece 1-1,26.86956522,3.094046304,28,4.253340933,CONCACAF,UEFA,0.1,0.5,34,10
Honduras 2010,Spain 2010,Honduras,Spain,2010-06-21,2,0,FIFA World Cup,Johannesburg,South Africa,TRUE,2010,N,2-0,2010 Spain Honduras 2-0,25.91304348,3.32911459,28,3.592922336,UEFA,CONCACAF,1,0.217391304,2,38
Honduras 2010,Switzerland 2010,Honduras,Switzerland,2010-06-25,0,0,FIFA World Cup,Bloemfontein,South Africa,TRUE,2010,N,0-0,2010 Switzerland Honduras 0-0,26.65217391,3.984158354,28,3.592922336,UEFA,CONCACAF,0.652173913,0.217391304,24,38
Honduras 2014,France 2014,Honduras,France,2014-06-15,3,0,FIFA World Cup,Porto Alegre,Brazil,TRUE,2014,N,3-0,2014 France Honduras 3-0,26.39130435,3.774786333,28.04347826,3.932522638,UEFA,CONCACAF,0.956521739,0.2,16,30
Iceland 2018,Nigeria 2018,Iceland,Nigeria,2018-06-22,0,0,FIFA World Cup,Volgogrand,Russia,TRUE,2018,N,0-0,2018 Nigeria Iceland 0-0,25.43478261,3.578040182,28.13043478,4.277896125,CAF,UEFA,0.529411765,0.352941176,47,22
Iceland 2018,Argentina 2018,Iceland,Argentina,2018-06-16,0,0,FIFA World Cup,Moscow,Russia,TRUE,2018,N,0-0,2018 Argentina Iceland 0-0,28.69565217,3.636116592,28.13043478,4.277896125,CONMEBOL,UEFA,0.652173913,0.352941176,5,22
Iran 1998,Germany 1998,Iran,Germany,1998-06-25,2,0,FIFA World Cup,Montpellier,France,TRUE,1998,N,2-0,1998 Germany Iran 2-0,29.77272727,3.598039389,26.77272727,3.715242967,UEFA,AFC,1,0.136363636,2,42
Iran 1998,Serbia 1998,Iran,Serbia,1998-06-14,1,0,FIFA World Cup,Saint-?ëtienne,France,TRUE,1998,N,1-0,1998 Serbia Iran 1-0,27.54545455,3.501391189,26.77272727,3.715242967,UEFA,AFC,0.727272727,0.136363636,8,42
Iran 1998,UnitedStates 1998,Iran,UnitedStates,1998-06-21,1,2,FIFA World Cup,Lyon,France,TRUE,1998,N,02-Jan,1998 USA Iran 1-2,28.27272727,3.39722321,26.77272727,3.715242967,CONCACAF,AFC,0.227272727,0.136363636,11,42
Iran 2006,Portugal 2006,Iran,Portugal,2006-06-17,2,0,FIFA World Cup,Frankfurt am Main,Germany,TRUE,2006,N,2-0,2006 Portugal Iran 2-0,27.91304348,3.232126284,26.52173913,4.378351342,UEFA,AFC,0.565217391,0.260869565,7,23
Iran 2006,Mexico 2006,Iran,Mexico,2006-06-11,3,1,FIFA World Cup,Nuremberg,Germany,TRUE,2006,N,01-Mar,2006 Mexico Iran 3-1,27.34782609,4.151765185,26.52173913,4.378351342,CONCACAF,AFC,0.130434783,0.260869565,4,23
Iran 2014,Argentina 2014,Iran,Argentina,2014-06-21,1,0,FIFA World Cup,Belo Horizonte,Brazil,TRUE,2014,N,1-0,2014 Argentina Iran 1-0,28.52173913,2.711416356,27.54901961,3.743333944,CONMEBOL,AFC,0.695652174,0.16,7,37
Iran 2014,Bosnia-Herzegovina 2014,Iran,Bosnia-Herzegovina,2014-06-25,3,1,FIFA World Cup,Salvador,Brazil,TRUE,2014,N,01-Mar,2014 Bosnia-Herzegovina Iran 3-1,26.57447,3.634046,27.54901961,3.743333944,UEFA,AFC,0.51162791,0.16,25,37
Iran 2018,Morocco 2018,Iran,Morocco,2018-06-15,0,0,FIFA World Cup,St. Petersburg,Russia,TRUE,2018,N,0-0,2018 Morocco Iran 0-0,26.7826087,4.785931293,26.73913043,3.744297377,CAF,AFC,0.55,0.055555556,42,36
Ireland 1994,Italy 1994,Ireland,Italy,1994-06-18,0,1,FIFA World Cup,East Rutherford,USA,TRUE,1994,N,0-1,1994 Italy Ireland 0-1,27.45454545,3.390845838,28.54545455,4.728105155,UEFA,UEFA,1,0.909090909,16,12
Ireland 1994,Netherlands 1994,Ireland,Netherlands,1994-07-04,2,0,FIFA World Cup,Orlando,USA,TRUE,1994,N,2-0,1994 Netherlands Ireland 2-0,26.90909091,3.490246149,28.54545455,4.728105155,UEFA,UEFA,0.227272727,0.909090909,11,12
Ireland 1994,Mexico 1994,Ireland,Mexico,1994-06-24,2,1,FIFA World Cup,Orlando,USA,TRUE,1994,N,01-Feb,1994 Mexico Ireland 2-1,27.68181818,2.868322284,28.54545455,4.728105155,CONCACAF,UEFA,0.090909091,0.909090909,13,12
Ireland 2002,Spain 2002,Ireland,Spain,2002-06-16,1,1,FIFA World Cup,Suwon,Korea Republic,TRUE,2002,N,01-Jan,2002 Spain Ireland 1-1,26.60869565,3.84635755,26.91304348,4.066638588,UEFA,UEFA,1,1,8,15
Ireland 2002,SaudiArabia 2002,Ireland,SaudiArabia,2002-06-11,0,3,FIFA World Cup,Yokohama,Japan,TRUE,2002,N,0-3,2002 Saudi Arabia Ireland 0-3,25.73913043,2.416183905,26.91304348,4.066638588,AFC,UEFA,0,1,34,15
Ireland 2002,Germany 2002,Ireland,Germany,2002-06-05,1,1,FIFA World Cup,Kashima,Japan,TRUE,2002,N,01-Jan,2002 Germany Ireland 1-1,27.65217391,3.524056233,26.91304348,4.066638588,UEFA,UEFA,1,1,11,15
Italy 1994,Brazil 1994,Italy,Brazil,1994-07-17,0,0,FIFA World Cup,Pasadena,USA,TRUE,1994,N,0-0,1994 Brazil Italy 0-0,27.40909091,3.500463791,27.45454545,3.390845838,CONMEBOL,UEFA,0.454545455,1,1,16
Italy 1994,Bulgaria 1994,Italy,Bulgaria,1994-07-13,1,2,FIFA World Cup,East Rutherford,USA,TRUE,1994,N,02-Jan,1994 Bulgaria Italy 1-2,27.68181818,2.766919615,27.45454545,3.390845838,UEFA,UEFA,0.545454545,1,29,16
Italy 1994,Nigeria 1994,Italy,Nigeria,1994-07-05,1,2,FIFA World Cup,Foxborough,USA,TRUE,1994,N,02-Jan,1994 Nigeria Italy 1-2,25.45454545,3.376773223,27.45454545,3.390845838,CAF,UEFA,0.363636364,1,7,16
Italy 1998,France 1998,Italy,France,1998-07-03,0,0,FIFA World Cup,Saint-Denis,France,FALSE,1998,H,0-0,1998 France Italy 0-0,26.72727273,3.769322513,27.04545455,3.470656213,UEFA,UEFA,1,1,18,14
Italy 2002,Mexico 2002,Italy,Mexico,2002-06-13,1,1,FIFA World Cup,?îita,Japan,TRUE,2002,N,01-Jan,2002 Mexico Italy 1-1,28.52173913,3.369240071,27.60869565,2.79185716,CONCACAF,UEFA,0.173913043,1,7,6
Italy 2002,KoreaRepublic 2002,Italy,KoreaRepublic,2002-06-18,2,1,FIFA World Cup,Daejeon,Korea Republic,FALSE,2002,H,01-Feb,2002 Korea Republic Italy 2-1,26.69565217,4.193444913,27.60869565,2.79185716,AFC,UEFA,0.043478261,1,40,6
Italy 2006,CzechRepublic 2006,Italy,CzechRepublic,2006-06-22,0,2,FIFA World Cup,Hamburg,Germany,TRUE,2006,N,0-2,2006 Czech Republic Italy 0-2,28.52173913,3.369240071,28.2173913,3.274648097,UEFA,UEFA,0.52173913,1,2,13
Italy 2006,Germany 2006,Italy,Germany,2006-07-04,0,2,FIFA World Cup,Dortmund,Germany,FALSE,2006,H,0-2,2006 Germany Italy 0-2,26.39130435,4.915089294,28.2173913,3.274648097,UEFA,UEFA,1,1,19,13
Italy 2010,Slovakia 2010,Italy,Slovakia,2010-06-24,3,2,FIFA World Cup,Johannesburg,South Africa,TRUE,2010,N,02-Mar,2010 Slovakia Italy 3-2,26.08695652,3.383288388,28.2173913,3.860717335,UEFA,UEFA,0.434782609,1,34,5
Italy 2014,England 2014,Italy,England,2014-06-14,1,2,FIFA World Cup,Manaus,Brazil,TRUE,2014,N,02-Jan,2014 England Italy 1-2,26.04347826,4.790883965,27.39130435,4.218348777,UEFA,UEFA,0.826086957,1,11,9
IvoryCoast 2006,Netherlands 2006,IvoryCoast,Netherlands,2006-06-16,2,1,FIFA World Cup,Stuttgart,Germany,TRUE,2006,N,01-Feb,2006 Netherlands Ivory Coast 2-1,26.47826087,4.620798487,25.52173913,3.422778845,UEFA,CAF,0.391304348,0.782608696,3,32
IvoryCoast 2006,Argentina 2006,IvoryCoast,Argentina,2006-06-10,2,1,FIFA World Cup,Hamburg,Germany,TRUE,2006,N,01-Feb,2006 Argentina Ivory Coast 2-1,26.13043478,3.923175289,25.52173913,3.422778845,CONMEBOL,CAF,0.739130435,0.782608696,9,32
IvoryCoast 2010,Brazil 2010,IvoryCoast,Brazil,2010-06-20,3,1,FIFA World Cup,Johannesburg,South Africa,TRUE,2010,N,01-Mar,2010 Brazil Ivory Coast 3-1,28.60869565,2.709228848,26.65217391,2.673246165,CONMEBOL,CAF,0.695652174,0.652173913,1,27
IvoryCoast 2010,KoreaRepublic 2010,IvoryCoast,KoreaRepublic,2010-06-25,0,3,FIFA World Cup,Nelspruit,South Africa,TRUE,2010,N,0-3,2010 Korea DPR Ivory Coast 0-3,27.13043478,4.485373683,26.65217391,2.673246165,AFC,CAF,0.173913043,0.652173913,47,27
IvoryCoast 2014,Greece 2014,IvoryCoast,Greece,2014-06-24,2,1,FIFA World Cup,Fortaleza,Brazil,TRUE,2014,N,01-Feb,2014 Greece Ivory Coast 2-1,28,4.253340933,27.34782609,4.44776446,UEFA,CAF,0.5,0.736842105,10,21
IvoryCoast 2014,Colombia 2014,IvoryCoast,Colombia,2014-06-19,2,1,FIFA World Cup,Bras?¡lia,Brazil,TRUE,2014,N,01-Feb,2014 Colombia Ivory Coast 2-1,26.95652174,4.866193779,27.34782609,4.44776446,CONMEBOL,CAF,0.565217391,0.736842105,5,21
Jamaica 1998,Argentina 1998,Jamaica,Argentina,1998-06-21,5,0,FIFA World Cup,Paris,France,TRUE,1998,N,5-0,1998 Argentina Jamaica 5-0,26.09090909,3.069187746,25.95454545,3.897218455,CONMEBOL,CONCACAF,0.681818182,0.318181818,6,30
Jamaica 1998,Japan 1998,Jamaica,Japan,1998-06-26,1,2,FIFA World Cup,Lyon,France,TRUE,1998,N,02-Jan,1998 Japan Jamaica 1-2,25.31818182,3.427985159,25.95454545,3.897218455,AFC,CONCACAF,0,0.318181818,12,30
Japan 1998,Argentina 1998,Japan,Argentina,1998-06-14,1,0,FIFA World Cup,Toulouse,France,TRUE,1998,N,1-0,1998 Argentina Japan 1-0,26.09090909,3.069187746,25.31818182,3.427985159,CONMEBOL,AFC,0.681818182,0,6,12
Japan 2006,Australia 2006,Japan,Australia,2006-06-12,3,1,FIFA World Cup,Kaiserslautern,Germany,TRUE,2006,N,01-Mar,2006 Australia Japan 3-1,27.91304348,3.396696838,27.2173913,2.02162225,AFC,AFC,0.695652174,0.173913043,42,18
Japan 2010,Paraguay 2010,Japan,Paraguay,2010-06-29,0,0,FIFA World Cup,Pretoria,South Africa,TRUE,2010,N,0-0,2010 Paraguay Japan 0-0,28.13043478,3.584110741,27.82608696,3.433156167,CONMEBOL,AFC,0.304347826,0.130434783,31,45
Japan 2010,Netherlands 2010,Japan,Netherlands,2010-06-19,1,0,FIFA World Cup,Durban,South Africa,TRUE,2010,N,1-0,2010 Netherlands Japan 1-0,27.65217391,4.206150212,27.82608696,3.433156167,UEFA,AFC,0.565217391,0.130434783,4,45
Japan 2010,Denmark 2010,Japan,Denmark,2010-06-24,1,3,FIFA World Cup,Rustenburg,South Africa,TRUE,2010,N,03-Jan,2010 Denmark Japan 1-3,27.69565217,4.257984826,27.82608696,3.433156167,UEFA,AFC,0.47826087,0.130434783,36,45
Japan 2014,IvoryCoast 2014,Japan,IvoryCoast,2014-06-14,2,1,FIFA World Cup,Recife,Brazil,TRUE,2014,N,01-Feb,2014 Ivory Coast Japan 2-1,27.34782609,4.44776446,26.91304348,3.132136121,CAF,AFC,0.736842105,0.47826087,21,47
Japan 2018,Colombia 2018,Japan,Colombia,2018-06-19,0,0,FIFA World Cup,Saransk,Russia,TRUE,2018,N,0-0,2018 Colombia Japan 0-0,27.65217391,3.379196995,28.26086957,3.387374839,CONMEBOL,AFC,0.441176471,0.565217391,16,60
KoreaRepublic 1994,Germany 1994,KoreaRepublic,Germany,1994-06-27,3,2,FIFA World Cup,Dallas,USA,TRUE,1994,N,02-Mar,1994 Germany Korea Republic 3-2,28.54545455,2.906925601,26.40909091,3.080802167,UEFA,AFC,1,0.045454545,2,37
KoreaRepublic 1994,Spain 1994,KoreaRepublic,Spain,1994-06-17,2,2,FIFA World Cup,Dallas,USA,TRUE,1994,N,02-Feb,1994 Spain Korea Republic 2-2,26.18181818,3.186823521,26.40909091,3.080802167,UEFA,AFC,1,0.045454545,9,37
KoreaRepublic 1998,Belgium 1998,KoreaRepublic,Belgium,1998-06-25,1,1,FIFA World Cup,Paris,France,TRUE,1998,N,01-Jan,1998 Belgium Korea Republic 1-1,29.31818182,4.764815128,25.68181818,3.357810563,UEFA,AFC,0.181818182,0.045454545,36,20
KoreaRepublic 1998,Netherlands 1998,KoreaRepublic,Netherlands,1998-06-20,5,0,FIFA World Cup,Marseilles,France,TRUE,1998,N,5-0,1998 Netherlands Korea Republic 5-0,26.5,3.247709816,25.68181818,3.357810563,UEFA,AFC,0.545454545,0.045454545,25,20
KoreaRepublic 2006,France 2006,KoreaRepublic,France,2006-06-18,1,1,FIFA World Cup,Leipzig,Germany,TRUE,2006,N,01-Jan,2006 France Korea Republic 1-1,28.52173913,3.409472969,26,4.03394686,UEFA,AFC,1,0.173913043,8,29
KoreaRepublic 2006,Switzerland 2006,KoreaRepublic,Switzerland,2006-06-23,2,0,FIFA World Cup,Hanover,Germany,TRUE,2006,N,2-0,2006 Switzerland Korea Republic 2-0,25.26086957,3.968253466,26,4.03394686,UEFA,AFC,0.652173913,0.173913043,35,29
KoreaRepublic 2010,Nigeria 2010,KoreaRepublic,Nigeria,2010-06-22,2,2,FIFA World Cup,Durban,South Africa,TRUE,2010,N,02-Feb,2010 Nigeria Korea Republic 2-2,25.82608696,3.157274053,27.13043478,4.485373683,CAF,AFC,0.608695652,0.173913043,21,47
KoreaRepublic 2010,Uruguay 2010,KoreaRepublic,Uruguay,2010-06-26,2,1,FIFA World Cup,Port Elizabeth,South Africa,TRUE,2010,N,01-Feb,2010 Uruguay Korea Republic 2-1,26.73913043,3.683098884,27.13043478,4.485373683,CONMEBOL,AFC,0.347826087,0.173913043,16,47
KoreaRepublic 2010,Argentina 2010,KoreaRepublic,Argentina,2010-06-17,4,1,FIFA World Cup,Johannesburg,South Africa,TRUE,2010,N,01-Apr,2010 Argentina Korea Republic 4-1,27.13043478,4.515673189,27.13043478,4.485373683,CONMEBOL,AFC,0.652173913,0.173913043,7,47
KoreaRepublic 2010,Brazil 2010,KoreaRepublic,Brazil,2010-06-15,2,1,FIFA World Cup,Johannesburg,South Africa,TRUE,2010,N,01-Feb,2010 Brazil Korea DPR 2-1,28.60869565,2.709228848,27.13043478,4.485373683,CONMEBOL,AFC,0.695652174,0.173913043,1,47
KoreaRepublic 2010,Portugal 2010,KoreaRepublic,Portugal,2010-06-21,7,0,FIFA World Cup,Cape Town,South Africa,TRUE,2010,N,7-0,2010 Portugal Korea DPR 7-0,27.82608696,2.83888861,27.13043478,4.485373683,UEFA,AFC,0.47826087,0.173913043,3,47
KoreaRepublic 2014,Russia 2014,KoreaRepublic,Russia,2014-06-17,1,1,FIFA World Cup,Cuiab?í,Brazil,TRUE,2014,N,01-Jan,2014 Russia Korea Republic 1-1,27,3.643175438,25.56521739,2.60471516,UEFA,AFC,0,0.369565217,18,55
KoreaRepublic 2018,Sweden 2018,KoreaRepublic,Sweden,2018-06-18,0,0,FIFA World Cup,Nizhny,Russia,TRUE,2018,N,0-0,2018 Sweden Korea Republic 0-0,27.73913043,2.988118765,27.30434783,2.819329105,UEFA,AFC,0.761904762,0.222222222,23,61
Mexico 1994,Norway 1994,Mexico,Norway,1994-06-19,1,0,FIFA World Cup,Washington,USA,TRUE,1994,N,1-0,1994 Norway Mexico 1-0,26.31818182,3.617238668,27.68181818,2.868322284,UEFA,CONCACAF,0.5,0.090909091,4,13
Mexico 1994,Italy 1994,Mexico,Italy,1994-06-28,1,1,FIFA World Cup,Washington,USA,TRUE,1994,N,01-Jan,1994 Italy Mexico 1-1,27.45454545,3.390845838,27.68181818,2.868322284,UEFA,CONCACAF,1,0.090909091,16,13
Mexico 1998,Germany 1998,Mexico,Germany,1998-06-29,2,1,FIFA World Cup,Montpellier,France,TRUE,1998,N,01-Feb,1998 Germany Mexico 2-1,29.77272727,3.598039389,26.86363636,4.475280832,UEFA,CONCACAF,1,0,2,4
Mexico 1998,Netherlands 1998,Mexico,Netherlands,1998-06-25,2,2,FIFA World Cup,Saint-?ëtienne,France,TRUE,1998,N,02-Feb,1998 Netherlands Mexico 2-2,26.5,3.247709816,26.86363636,4.475280832,UEFA,CONCACAF,0.545454545,0,25,4
Mexico 1998,KoreaRepublic 1998,Mexico,KoreaRepublic,1998-06-13,1,3,FIFA World Cup,Lyon,France,TRUE,1998,N,03-Jan,1998 Korea Republic Mexico 1-3,25.68181818,3.357810563,26.86363636,4.475280832,AFC,CONCACAF,0.045454545,0,20,4
Mexico 1998,Belgium 1998,Mexico,Belgium,1998-06-20,2,2,FIFA World Cup,Bordeaux,France,TRUE,1998,N,02-Feb,1998 Belgium Mexico 2-2,29.31818182,4.764815128,26.86363636,4.475280832,UEFA,CONCACAF,0.181818182,0,36,4
Mexico 2002,Croatia 2002,Mexico,Croatia,2002-06-03,0,1,FIFA World Cup,Niigata,Japan,TRUE,2002,N,0-1,2002 Croatia Mexico 0-1,27.65217391,3.844815821,28.52173913,3.369240071,UEFA,CONCACAF,0.652173913,0.173913043,21,7
Mexico 2006,Argentina 2006,Mexico,Argentina,2006-06-24,2,1,FIFA World Cup,Leipzig,Germany,TRUE,2006,N,01-Feb,2006 Argentina Mexico 2-1,26.13043478,3.923175289,27.34782609,4.151765185,CONMEBOL,CONCACAF,0.739130435,0.130434783,9,4
Mexico 2006,Portugal 2006,Mexico,Portugal,2006-06-21,2,1,FIFA World Cup,Gelsenkirchen,Germany,TRUE,2006,N,01-Feb,2006 Portugal Mexico 2-1,27.91304348,3.232126284,27.34782609,4.151765185,UEFA,CONCACAF,0.565217391,0.130434783,7,4
Mexico 2010,Argentina 2010,Mexico,Argentina,2010-06-27,3,1,FIFA World Cup,Johannesburg,South Africa,TRUE,2010,N,01-Mar,2010 Argentina Mexico 3-1,27.13043478,4.515673189,27.17391304,4.987731985,CONMEBOL,CONCACAF,0.652173913,0.217391304,7,17
Mexico 2010,SouthAfrica 2010,Mexico,SouthAfrica,2010-06-11,1,1,FIFA World Cup,Johannesburg,South Africa,FALSE,2010,H,01-Jan,2010 South Africa Mexico 1-1,26.91304348,3.14661497,27.17391304,4.987731985,CAF,CONCACAF,0.130434783,0.217391304,83,17
Mexico 2010,France 2010,Mexico,France,2010-06-17,0,2,FIFA World Cup,Polokwane,South Africa,TRUE,2010,N,0-2,2010 France Mexico 0-2,27.47826087,2.793979977,27.17391304,4.987731985,UEFA,CONCACAF,0.956521739,0.217391304,9,17
Mexico 2014,Netherlands 2014,Mexico,Netherlands,2014-06-29,2,1,FIFA World Cup,Fortaleza,Brazil,TRUE,2014,N,01-Feb,2014 Netherlands Mexico 2-1,25.95652174,3.819546152,27.02173913,3.855669018,UEFA,CONCACAF,0.434782609,0.239130435,15,19
Mexico 2014,Brazil 2014,Mexico,Brazil,2014-06-17,0,0,FIFA World Cup,Fortaleza,Brazil,FALSE,2014,H,0-0,2014 Brazil Mexico 0-0,27.82608696,3.381678399,27.02173913,3.855669018,CONMEBOL,CONCACAF,0.695652174,0.239130435,4,19
Mexico 2014,Croatia 2014,Mexico,Croatia,2014-06-23,1,3,FIFA World Cup,Recife,Brazil,TRUE,2014,N,03-Jan,2014 Croatia Mexico 1-3,26.95652174,4.353454854,27.02173913,3.855669018,UEFA,CONCACAF,0.578947368,0.239130435,20,19
Mexico 2018,KoreaRepublic 2018,Mexico,KoreaRepublic,2018-06-23,0,0,FIFA World Cup,Rostov,Russia,TRUE,2018,N,0-0,2018 Korea Republic Mexico 0-0,27.30434783,2.819329105,28.86956522,4.64468756,AFC,CONCACAF,0.222222222,0.25,61,15
Mexico 2018,Germany 2018,Mexico,Germany,2018-06-17,0,0,FIFA World Cup,Moscow,Russia,TRUE,2018,N,0-0,2018 Germany Mexico 0-0,26.69565217,3.125187741,28.86956522,4.64468756,UEFA,CONCACAF,1,0.25,1,15
Morocco 1994,Belgium 1994,Morocco,Belgium,1994-06-19,1,0,FIFA World Cup,Orlando,USA,TRUE,1994,N,1-0,1994 Belgium Morocco 1-0,28.90909091,3.503863051,26.18181818,3.375490986,UEFA,CAF,0.090909091,0.318181818,34,30
Morocco 1994,SaudiArabia 1994,Morocco,SaudiArabia,1994-06-25,2,1,FIFA World Cup,East Rutherford,USA,TRUE,1994,N,01-Feb,1994 Saudi Arabia Morocco 2-1,23.59090909,3.750036075,26.18181818,3.375490986,AFC,CAF,0,0.318181818,35,30
Morocco 1998,Scotland 1998,Morocco,Scotland,1998-06-23,0,3,FIFA World Cup,Saint-?ëtienne,France,TRUE,1998,N,0-3,1998 Scotland Morocco 0-3,29.18181818,3.646738447,26.31818182,2.495450406,UEFA,CAF,0.409090909,0.409090909,41,13
Morocco 1998,Brazil 1998,Morocco,Brazil,1998-06-16,3,0,FIFA World Cup,Nantes,France,TRUE,1998,N,3-0,1998 Brazil Morocco 3-0,27.40909091,3.972034274,26.31818182,2.495450406,CONMEBOL,CAF,0.454545455,0.409090909,1,13
Morocco 2018,Spain 2018,Morocco,Spain,2018-06-25,0,0,FIFA World Cup,Oktyabrsky,Russia,TRUE,2018,N,0-0,2018 Spain Morocco 0-0,28,3.630677372,26.7826087,4.785931293,UEFA,CAF,1,0.55,8,42
Morocco 2018,Portugal 2018,Morocco,Portugal,2018-06-20,0,0,FIFA World Cup,Kazan,Russia,TRUE,2018,N,0-0,2018 Portugal Morocco 0-0,27.91304348,5.062455777,26.7826087,4.785931293,UEFA,CAF,0.5,0.55,4,42
Netherlands 1994,Belgium 1994,Netherlands,Belgium,1994-06-25,1,0,FIFA World Cup,Orlando,USA,TRUE,1994,N,1-0,1994 Belgium Netherlands 1-0,28.90909091,3.503863051,26.90909091,3.490246149,UEFA,UEFA,0.090909091,0.227272727,34,11
Netherlands 1994,Morocco 1994,Netherlands,Morocco,1994-06-29,1,2,FIFA World Cup,Orlando,USA,TRUE,1994,N,02-Jan,1994 Morocco Netherlands 1-2,26.18181818,3.375490986,26.90909091,3.490246149,CAF,UEFA,0.318181818,0.227272727,30,11
Netherlands 1998,Brazil 1998,Netherlands,Brazil,1998-07-07,1,1,FIFA World Cup,Marseilles,France,TRUE,1998,N,01-Jan,1998 Brazil Netherlands 1-1,27.40909091,3.972034274,26.5,3.247709816,CONMEBOL,UEFA,0.454545455,0.545454545,1,25
Netherlands 2006,Serbia 2006,Netherlands,Serbia,2006-06-11,0,1,FIFA World Cup,Leipzig,Germany,TRUE,2006,N,0-1,2006 Serbia Netherlands 0-1,27.60869565,3.257705975,26.47826087,4.620798487,UEFA,UEFA,0.347826087,0.391304348,44,3
Netherlands 2006,Portugal 2006,Netherlands,Portugal,2006-06-25,1,0,FIFA World Cup,Nuremberg,Germany,TRUE,2006,N,1-0,2006 Portugal Netherlands 1-0,27.91304348,3.232126284,26.47826087,4.620798487,UEFA,UEFA,0.565217391,0.391304348,7,3
Netherlands 2010,Uruguay 2010,Netherlands,Uruguay,2010-07-06,2,3,FIFA World Cup,Cape Town,South Africa,TRUE,2010,N,03-Feb,2010 Uruguay Netherlands 2-3,26.73913043,3.683098884,27.65217391,4.206150212,CONMEBOL,UEFA,0.347826087,0.565217391,16,4
Netherlands 2010,Cameroon 2010,Netherlands,Cameroon,2010-06-24,1,2,FIFA World Cup,Cape Town,South Africa,TRUE,2010,N,02-Jan,2010 Cameroon Netherlands 1-2,25.17391304,4.608807516,27.65217391,4.206150212,CAF,UEFA,0.739130435,0.565217391,19,4
Netherlands 2014,Brazil 2014,Netherlands,Brazil,2014-07-12,0,3,FIFA World Cup,Bras?¡lia,Brazil,FALSE,2014,H,0-3,2014 Brazil Netherlands 0-3,27.82608696,3.381678399,25.95652174,3.819546152,CONMEBOL,UEFA,0.695652174,0.434782609,4,15
Netherlands 2014,Australia 2014,Netherlands,Australia,2014-06-18,2,3,FIFA World Cup,Curitiba,Brazil,TRUE,2014,N,03-Feb,2014 Australia Netherlands 2-3,25.7826087,4.209907381,25.95652174,3.819546152,AFC,UEFA,0.3125,0.434782609,59,15
Netherlands 2014,Spain 2014,Netherlands,Spain,2014-06-13,1,5,FIFA World Cup,Salvador,Brazil,TRUE,2014,N,05-Jan,2014 Spain Netherlands 1-5,27.7826087,3.26073781,25.95652174,3.819546152,UEFA,UEFA,1,0.434782609,1,15
NewZealand 2010,Italy 2010,NewZealand,Italy,2010-06-20,1,1,FIFA World Cup,Nelspruit,South Africa,TRUE,2010,N,01-Jan,2010 Italy New Zealand 1-1,28.2173913,3.860717335,27.39130435,4.599793774,UEFA,OFC,1,0.217391304,5,78
NewZealand 2010,Paraguay 2010,NewZealand,Paraguay,2010-06-24,0,0,FIFA World Cup,Polokwane,South Africa,TRUE,2010,N,0-0,2010 Paraguay New Zealand 0-0,28.13043478,3.584110741,27.39130435,4.599793774,CONMEBOL,OFC,0.304347826,0.217391304,31,78
Nigeria 1994,Greece 1994,Nigeria,Greece,1994-06-30,0,2,FIFA World Cup,Foxborough,USA,TRUE,1994,N,0-2,1994 Greece Nigeria 0-2,28.40909091,4.066812147,25.45454545,3.376773223,UEFA,CAF,0,0.363636364,32,7
Nigeria 1994,Argentina 1994,Nigeria,Argentina,1994-06-25,2,1,FIFA World Cup,Foxborough,USA,TRUE,1994,N,01-Feb,1994 Argentina Nigeria 2-1,27.40909091,3.126828469,25.45454545,3.376773223,CONMEBOL,CAF,0.409090909,0.363636364,6,7
Nigeria 1998,Spain 1998,Nigeria,Spain,1998-06-13,2,3,FIFA World Cup,Nantes,France,TRUE,1998,N,03-Feb,1998 Spain Nigeria 2-3,26.72727273,3.844375213,25.90909091,4.264014327,UEFA,CAF,1,0.454545455,15,74
Nigeria 2002,Argentina 2002,Nigeria,Argentina,2002-06-02,1,0,FIFA World Cup,Kashima,Japan,TRUE,2002,N,1-0,2002 Argentina Nigeria 1-0,28.47826087,3.259525415,23.39130435,4.609665048,CONMEBOL,CAF,0.826086957,0.347826087,3,27
Nigeria 2002,Sweden 2002,Nigeria,Sweden,2002-06-07,2,1,FIFA World Cup,Kobe,Japan,TRUE,2002,N,01-Feb,2002 Sweden Nigeria 2-1,26.73913043,3.683098884,23.39130435,4.609665048,UEFA,CAF,0.47826087,0.347826087,19,27
Nigeria 2010,Argentina 2010,Nigeria,Argentina,2010-06-12,1,0,FIFA World Cup,Johannesburg,South Africa,TRUE,2010,N,1-0,2010 Argentina Nigeria 1-0,27.13043478,4.515673189,25.82608696,3.157274053,CONMEBOL,CAF,0.652173913,0.608695652,7,21
Nigeria 2010,Greece 2010,Nigeria,Greece,2010-06-17,2,1,FIFA World Cup,Bloemfontein,South Africa,TRUE,2010,N,01-Feb,2010 Greece Nigeria 2-1,27.73913043,3.557545008,25.82608696,3.157274053,UEFA,CAF,0.260869565,0.608695652,13,21
Nigeria 2014,Iran 2014,Nigeria,Iran,2014-06-16,0,0,FIFA World Cup,Curitiba,Brazil,TRUE,2014,N,0-0,2014 Iran Nigeria 0-0,27.54901961,3.743333944,25.28301887,3.774292387,AFC,CAF,0.16,0.48,37,44
Nigeria 2014,France 2014,Nigeria,France,2014-06-30,2,0,FIFA World Cup,Bras?¡lia,Brazil,TRUE,2014,N,2-0,2014 France Nigeria 2-0,26.39130435,3.774786333,25.28301887,3.774292387,UEFA,CAF,0.956521739,0.48,16,44
Nigeria 2018,Croatia 2018,Nigeria,Croatia,2018-06-16,0,0,FIFA World Cup,Oktyabrsky,Russia,TRUE,2018,N,0-0,2018 Croatia Nigeria 0-0,27.43478261,3.500988003,25.43478261,3.578040182,UEFA,CAF,0.666666667,0.529411765,18,47
Norway 1994,Ireland 1994,Norway,Ireland,1994-06-28,0,0,FIFA World Cup,East Rutherford,USA,TRUE,1994,N,0-0,1994 Ireland Norway 0-0,28.54545455,4.728105155,26.31818182,3.617238668,UEFA,UEFA,0.909090909,0.5,12,4
Norway 1994,Italy 1994,Norway,Italy,1994-06-23,1,0,FIFA World Cup,East Rutherford,USA,TRUE,1994,N,1-0,1994 Italy Norway 1-0,27.45454545,3.390845838,26.31818182,3.617238668,UEFA,UEFA,1,0.5,16,4
Norway 1998,Brazil 1998,Norway,Brazil,1998-06-23,1,2,FIFA World Cup,Marseilles,France,TRUE,1998,N,02-Jan,1998 Brazil Norway 1-2,27.40909091,3.972034274,27.59090909,3.375811591,CONMEBOL,UEFA,0.454545455,0.636363636,1,7
Norway 1998,Scotland 1998,Norway,Scotland,1998-06-16,1,1,FIFA World Cup,Bordeaux,France,TRUE,1998,N,01-Jan,1998 Scotland Norway 1-1,29.18181818,3.646738447,27.59090909,3.375811591,UEFA,UEFA,0.409090909,0.636363636,41,7
Norway 1998,Italy 1998,Norway,Italy,1998-06-27,1,0,FIFA World Cup,Marseilles,France,TRUE,1998,N,1-0,1998 Italy Norway 1-0,27.04545455,3.470656213,27.59090909,3.375811591,UEFA,UEFA,1,0.636363636,14,7
Norway 1998,Morocco 1998,Norway,Morocco,1998-06-10,2,2,FIFA World Cup,Montpellier,France,TRUE,1998,N,02-Feb,1998 Morocco Norway 2-2,26.31818182,2.495450406,27.59090909,3.375811591,CAF,UEFA,0.409090909,0.636363636,13,7
Panama 2018,England 2018,Panama,England,2018-06-24,0,0,FIFA World Cup,Nizhny,Russia,TRUE,2018,N,0-0,2018 England Panama 0-0,25.56521739,3.368653453,28.82608696,5.25402161,UEFA,CONCACAF,0.956521739,0,13,55
Panama 2018,Belgium 2018,Panama,Belgium,2018-06-18,0,0,FIFA World Cup,Sochi,Russia,TRUE,2018,N,0-0,2018 Belgium Panama 0-0,27.13043478,3.152262504,28.82608696,5.25402161,UEFA,CONCACAF,0.846153846,0,3,55
Paraguay 1998,Spain 1998,Paraguay,Spain,1998-06-19,0,0,FIFA World Cup,Saint-?ëtienne,France,TRUE,1998,N,0-0,1998 Spain Paraguay 0-0,26.72727273,3.844375213,26.18181818,3.361354087,UEFA,CONMEBOL,1,0.090909091,15,29
Paraguay 1998,France 1998,Paraguay,France,1998-06-28,1,0,FIFA World Cup,Lens,France,FALSE,1998,H,1-0,1998 France Paraguay 1-0,26.72727273,3.769322513,26.18181818,3.361354087,UEFA,CONMEBOL,1,0.090909091,18,29
Paraguay 1998,Nigeria 1998,Paraguay,Nigeria,1998-06-24,1,3,FIFA World Cup,Toulouse,France,TRUE,1998,N,03-Jan,1998 Nigeria Paraguay 1-3,25.90909091,4.264014327,26.18181818,3.361354087,CAF,CONMEBOL,0.454545455,0.090909091,74,29
Paraguay 2002,Slovenia 2002,Paraguay,Slovenia,2002-06-12,1,3,FIFA World Cup,Seogwipo,Korea Republic,TRUE,2002,N,03-Jan,2002 Slovenia Paraguay 1-3,28,3.397860289,27.60869565,4.207559544,UEFA,CONMEBOL,0.304347826,0.130434783,25,18
Paraguay 2002,Germany 2002,Paraguay,Germany,2002-06-15,1,0,FIFA World Cup,Seogwipo,Korea Republic,TRUE,2002,N,1-0,2002 Germany Paraguay 1-0,27.65217391,3.524056233,27.60869565,4.207559544,UEFA,CONMEBOL,1,0.130434783,11,18
Paraguay 2002,Spain 2002,Paraguay,Spain,2002-06-07,3,1,FIFA World Cup,Jeonju,Korea Republic,TRUE,2002,N,01-Mar,2002 Spain Paraguay 3-1,26.60869565,3.84635755,27.60869565,4.207559544,UEFA,CONMEBOL,1,0.130434783,8,18
Paraguay 2006,Sweden 2006,Paraguay,Sweden,2006-06-15,1,0,FIFA World Cup,Berlin,Germany,TRUE,2006,N,1-0,2006 Sweden Paraguay 1-0,27.47826087,3.776356652,26.69565217,4.415209072,UEFA,CONMEBOL,0.347826087,0.304347826,16,33
Paraguay 2006,England 2006,Paraguay,England,2006-06-10,1,0,FIFA World Cup,Frankfurt am Main,Germany,TRUE,2006,N,1-0,2006 England Paraguay 1-0,25.26086957,4.255663513,26.69565217,4.415209072,UEFA,CONMEBOL,1,0.304347826,10,33
Paraguay 2010,Slovakia 2010,Paraguay,Slovakia,2010-06-20,0,2,FIFA World Cup,Bloemfontein,South Africa,TRUE,2010,N,0-2,2010 Slovakia Paraguay 0-2,26.08695652,3.383288388,28.13043478,3.584110741,UEFA,CONMEBOL,0.434782609,0.304347826,34,31
Paraguay 2010,Italy 2010,Paraguay,Italy,2010-06-14,1,1,FIFA World Cup,Cape Town,South Africa,TRUE,2010,N,01-Jan,2010 Italy Paraguay 1-1,28.2173913,3.860717335,28.13043478,3.584110741,UEFA,CONMEBOL,1,0.304347826,5,31
Peru 2018,France 2018,Peru,France,2018-06-21,0,0,FIFA World Cup,Yekaterinburg,Russia,TRUE,2018,N,0-0,2018 France Peru 0-0,25.56521739,3.906010368,26.95652174,3.636660067,UEFA,CONMEBOL,1,0.086956522,7,11
Peru 2018,Australia 2018,Peru,Australia,2018-06-26,0,0,FIFA World Cup,Sochi,Russia,TRUE,2018,N,0-0,2018 Australia Peru 0-0,27.60869565,4.335258516,26.95652174,3.636660067,AFC,CONMEBOL,0.428571429,0.086956522,40,11
Poland 2002,Portugal 2002,Poland,Portugal,2002-06-10,4,0,FIFA World Cup,Jeonju,Korea Republic,TRUE,2002,N,4-0,2002 Portugal Poland 4-0,27.73913043,3.453817273,28.43478261,2.809498288,UEFA,UEFA,0.347826087,0.434782609,5,38
Poland 2002,KoreaRepublic 2002,Poland,KoreaRepublic,2002-06-04,2,0,FIFA World Cup,Busan,Korea Republic,FALSE,2002,H,2-0,2002 Korea Republic Poland 2-0,26.69565217,4.193444913,28.43478261,2.809498288,AFC,UEFA,0.043478261,0.434782609,40,38
Poland 2006,CostaRica 2006,Poland,CostaRica,2006-06-20,1,2,FIFA World Cup,Hanover,Germany,TRUE,2006,N,02-Jan,2006 Costa Rica Poland 1-2,27.30434783,3.982173717,26.73913043,3.018388964,CONCACAF,UEFA,0.043478261,0.217391304,26,29
Poland 2006,Germany 2006,Poland,Germany,2006-06-14,1,0,FIFA World Cup,Dortmund,Germany,FALSE,2006,H,1-0,2006 Germany Poland 1-0,26.39130435,4.915089294,26.73913043,3.018388964,UEFA,UEFA,1,0.217391304,19,29
Poland 2018,Japan 2018,Poland,Japan,2018-06-28,0,0,FIFA World Cup,Volgogrand,Russia,TRUE,2018,N,0-0,2018 Japan Poland 0-0,28.26086957,3.387374839,27.91304348,3.679340893,AFC,UEFA,0.565217391,0.655172414,60,10
Portugal 2002,UnitedStates 2002,Portugal,UnitedStates,2002-06-05,3,2,FIFA World Cup,Suwon,Korea Republic,TRUE,2002,N,02-Mar,2002 USA Portugal 3-2,28.26086957,4.103406471,27.73913043,3.453817273,CONCACAF,UEFA,0.434782609,0.347826087,13,5
Portugal 2002,KoreaRepublic 2002,Portugal,KoreaRepublic,2002-06-14,1,0,FIFA World Cup,Incheon,Korea Republic,FALSE,2002,H,1-0,2002 Korea Republic Portugal 1-0,26.69565217,4.193444913,27.73913043,3.453817273,AFC,UEFA,0.043478261,0.347826087,40,5
Portugal 2006,England 2006,Portugal,England,2006-07-01,0,0,FIFA World Cup,Gelsenkirchen,Germany,TRUE,2006,N,0-0,2006 England Portugal 0-0,25.26086957,4.255663513,27.91304348,3.232126284,UEFA,UEFA,1,0.565217391,10,7
Portugal 2006,Angola 2006,Portugal,Angola,2006-06-11,0,1,FIFA World Cup,Cologne,Germany,TRUE,2006,N,0-1,2006 Angola Portugal 0-1,26.2173913,3.907527953,27.91304348,3.232126284,CAF,UEFA,0.086956522,0.565217391,57,7
Portugal 2006,Germany 2006,Portugal,Germany,2006-07-08,3,1,FIFA World Cup,Stuttgart,Germany,FALSE,2006,H,01-Mar,2006 Germany Portugal 3-1,26.39130435,4.915089294,27.91304348,3.232126284,UEFA,UEFA,1,0.565217391,19,7
Portugal 2010,Spain 2010,Portugal,Spain,2010-06-29,1,0,FIFA World Cup,Cape Town,South Africa,TRUE,2010,N,1-0,2010 Spain Portugal 1-0,25.91304348,3.32911459,27.82608696,2.83888861,UEFA,UEFA,1,0.47826087,2,3
Portugal 2010,IvoryCoast 2010,Portugal,IvoryCoast,2010-06-15,0,0,FIFA World Cup,Port Elizabeth,South Africa,TRUE,2010,N,0-0,2010 Ivory Coast Portugal 0-0,26.65217391,2.673246165,27.82608696,2.83888861,CAF,UEFA,0.652173913,0.47826087,27,3
Portugal 2014,UnitedStates 2014,Portugal,UnitedStates,2014-06-22,2,2,FIFA World Cup,Manaus,Brazil,TRUE,2014,N,02-Feb,2014 USA Portugal 2-2,27.30434783,4.537067361,28.17391304,3.242504278,CONCACAF,UEFA,0.470588235,0.476190476,14,3
Portugal 2014,Germany 2014,Portugal,Germany,2014-06-16,4,0,FIFA World Cup,Salvador,Brazil,TRUE,2014,N,4-0,2014 Germany Portugal 4-0,25.39622642,3.972693441,28.17391304,3.242504278,UEFA,UEFA,1,0.476190476,2,3
Portugal 2018,Iran 2018,Portugal,Iran,2018-06-25,0,0,FIFA World Cup,Saransk,Russia,TRUE,2018,N,0-0,2018 Iran Portugal 0-0,26.73913043,3.744297377,27.91304348,5.062455777,AFC,UEFA,0.055555556,0.5,36,4
Romania 1994,UnitedStates 1994,Romania,UnitedStates,1994-06-26,0,1,FIFA World Cup,Pasadena,USA,FALSE,1994,H,0-1,1994 USA Romania 0-1,26.31818182,3.871585914,24.63636364,2.573592163,CONCACAF,UEFA,0.545454545,0.227272727,23,10
Romania 1994,Colombia 1994,Romania,Colombia,1994-06-18,1,3,FIFA World Cup,Pasadena,USA,TRUE,1994,N,03-Jan,1994 Colombia Romania 1-3,26.86363636,3.758108118,24.63636364,2.573592163,CONMEBOL,UEFA,0.090909091,0.227272727,18,10
Russia 1994,Brazil 1994,Russia,Brazil,1994-06-20,2,0,FIFA World Cup,Palo Alto,USA,TRUE,1994,N,2-0,1994 Brazil Russia 2-0,27.40909091,3.500463791,25.36363636,2.786796327,CONMEBOL,UEFA,0.454545455,0.454545455,1,20
Russia 1994,Sweden 1994,Russia,Sweden,1994-06-24,3,1,FIFA World Cup,Pontiac,USA,TRUE,1994,N,01-Mar,1994 Sweden Russia 3-1,25.22727273,3.279544367,25.36363636,2.786796327,UEFA,UEFA,0.318181818,0.454545455,3,20
Russia 2002,Belgium 2002,Russia,Belgium,2002-06-14,3,2,FIFA World Cup,Fukuroi,Japan,TRUE,2002,N,02-Mar,2002 Belgium Russia 3-2,28.91304348,3.679340893,27.30434783,5.07610071,UEFA,UEFA,0.304347826,0.260869565,23,28
Russia 2002,Japan 2002,Russia,Japan,2002-06-09,1,0,FIFA World Cup,Yokohama,Japan,FALSE,2002,H,1-0,2002 Japan Russia 1-0,25.26086957,3.048358594,27.30434783,5.07610071,AFC,UEFA,0.130434783,0.260869565,32,28
Russia 2014,Belgium 2014,Russia,Belgium,2014-06-22,1,0,FIFA World Cup,Rio de Janeiro,Brazil,TRUE,2014,N,1-0,2014 Belgium Russia 1-0,25.47826087,3.641547688,27,3.643175438,UEFA,UEFA,0.727272727,0,12,18
Russia 2014,Algeria 2014,Russia,Algeria,2014-06-26,1,1,FIFA World Cup,Curitiba,Brazil,TRUE,2014,N,01-Jan,2014 Algeria Russia 1-1,26.17391304,3.214345316,27,3.643175438,CAF,UEFA,0.684210526,0,25,18
Russia 2018,Uruguay 2018,Russia,Uruguay,2018-06-25,0,0,FIFA World Cup,Samara,Russia,FALSE,2018,A,0-0,2018 Uruguay Russia 0-0,27.73913043,4.453980766,28.26086957,4.201919381,CONMEBOL,UEFA,0.47826087,0.052631579,17,66
SaudiArabia 1994,Netherlands 1994,SaudiArabia,Netherlands,1994-06-20,2,1,FIFA World Cup,Washington,USA,TRUE,1994,N,01-Feb,1994 Netherlands Saudi Arabia 2-1,26.90909091,3.490246149,23.59090909,3.750036075,UEFA,AFC,0.227272727,0,11,35
SaudiArabia 1994,Belgium 1994,SaudiArabia,Belgium,1994-06-29,0,1,FIFA World Cup,Washington,USA,TRUE,1994,N,0-1,1994 Belgium Saudi Arabia 0-1,28.90909091,3.503863051,23.59090909,3.750036075,UEFA,AFC,0.090909091,0,34,35
SaudiArabia 1998,France 1998,SaudiArabia,France,1998-06-18,4,0,FIFA World Cup,Saint-Denis,France,FALSE,1998,H,4-0,1998 France Saudi Arabia 4-0,26.72727273,3.769322513,24.95454545,3.373245897,UEFA,AFC,1,0,18,34
SaudiArabia 1998,SouthAfrica 1998,SaudiArabia,SouthAfrica,1998-06-24,2,2,FIFA World Cup,Bordeaux,France,TRUE,1998,N,02-Feb,1998 South Africa Saudi Arabia 2-2,25.69565217,3.349827439,24.95454545,3.373245897,CAF,AFC,0.260869565,0,24,34
SaudiArabia 2002,Germany 2002,SaudiArabia,Germany,2002-06-01,8,0,FIFA World Cup,Sapporo,Japan,TRUE,2002,N,8-0,2002 Germany Saudi Arabia 8-0,27.65217391,3.524056233,25.73913043,2.416183905,UEFA,AFC,1,0,11,34
SaudiArabia 2002,Cameroon 2002,SaudiArabia,Cameroon,2002-06-06,1,0,FIFA World Cup,Saitama,Japan,TRUE,2002,N,1-0,2002 Cameroon Saudi Arabia 1-0,25.08695652,4.122146875,25.73913043,2.416183905,CAF,AFC,0.826086957,0,17,34
SaudiArabia 2006,Tunisia 2006,SaudiArabia,Tunisia,2006-06-14,2,2,FIFA World Cup,Munich,Germany,TRUE,2006,N,02-Feb,2006 Tunisia Saudi Arabia 2-2,26.91304348,4.699255681,26.39130435,3.614857352,AFC,AFC,0.47826087,0,21,34
SaudiArabia 2018,Russia 2018,SaudiArabia,Russia,2018-06-14,0,0,FIFA World Cup,Moscow,Russia,FALSE,2018,H,0-0,2018 Russia Saudi Arabia 0-0,28.26086957,4.201919381,28.13043478,3.733196873,UEFA,AFC,0.052631579,0.107142857,66,67
SaudiArabia 2018,Uruguay 2018,SaudiArabia,Uruguay,2018-06-20,0,0,FIFA World Cup,Rostov,Russia,TRUE,2018,N,0-0,2018 Uruguay Saudi Arabia 0-0,27.73913043,4.453980766,28.13043478,3.733196873,CONMEBOL,AFC,0.47826087,0.107142857,17,67
Scotland 1998,Brazil 1998,Scotland,Brazil,1998-06-10,2,1,FIFA World Cup,Saint-Denis,France,TRUE,1998,N,01-Feb,1998 Brazil Scotland 2-1,27.40909091,3.972034274,29.18181818,3.646738447,CONMEBOL,UEFA,0.454545455,0.409090909,1,41
Senegal 2002,France 2002,Senegal,France,2002-05-31,0,1,FIFA World Cup,Seoul,Korea Republic,TRUE,2002,N,0-1,2002 France Senegal 0-1,28.26086957,3.695419663,25.04347826,3.698627029,UEFA,CAF,1,0.913043478,1,42
Senegal 2002,Sweden 2002,Senegal,Sweden,2002-06-16,1,2,FIFA World Cup,?îita,Japan,TRUE,2002,N,02-Jan,2002 Sweden Senegal 1-2,26.73913043,3.683098884,25.04347826,3.698627029,UEFA,CAF,0.47826087,0.913043478,19,42
Senegal 2002,Denmark 2002,Senegal,Denmark,2002-06-06,1,1,FIFA World Cup,Daegu,Korea Republic,TRUE,2002,N,01-Jan,2002 Denmark Senegal 1-1,27.39130435,4.678180789,25.04347826,3.698627029,UEFA,CAF,0.434782609,0.913043478,20,42
Senegal 2018,Japan 2018,Senegal,Japan,2018-06-24,0,0,FIFA World Cup,Yekaterinburg,Russia,TRUE,2018,N,0-0,2018 Japan Senegal 0-0,28.26086957,3.387374839,26.69565217,3.469801967,AFC,CAF,0.565217391,0.85,60,28
Senegal 2018,Poland 2018,Senegal,Poland,2018-06-19,0,0,FIFA World Cup,Moscow,Russia,TRUE,2018,N,0-0,2018 Poland Senegal 0-0,27.91304348,3.679340893,26.69565217,3.469801967,UEFA,CAF,0.655172414,0.85,10,28
Serbia 1998,Germany 1998,Serbia,Germany,1998-06-21,2,2,FIFA World Cup,Lens,France,TRUE,1998,N,02-Feb,1998 Germany Serbia 2-2,29.77272727,3.598039389,27.54545455,3.501391189,UEFA,UEFA,1,0.727272727,2,8
Serbia 1998,Netherlands 1998,Serbia,Netherlands,1998-06-29,2,1,FIFA World Cup,Toulouse,France,TRUE,1998,N,01-Feb,1998 Netherlands Serbia 2-1,26.5,3.247709816,27.54545455,3.501391189,UEFA,UEFA,0.545454545,0.727272727,25,8
Serbia 1998,UnitedStates 1998,Serbia,UnitedStates,1998-06-25,0,1,FIFA World Cup,Nantes,France,TRUE,1998,N,0-1,1998 USA Serbia 0-1,28.27272727,3.39722321,27.54545455,3.501391189,CONCACAF,UEFA,0.227272727,0.727272727,11,8
Serbia 2006,Argentina 2006,Serbia,Argentina,2006-06-16,6,0,FIFA World Cup,Gelsenkirchen,Germany,TRUE,2006,N,6-0,2006 Argentina Serbia 6-0,26.13043478,3.923175289,27.60869565,3.257705975,CONMEBOL,UEFA,0.739130435,0.347826087,9,44
Serbia 2006,IvoryCoast 2006,Serbia,IvoryCoast,2006-06-21,3,2,FIFA World Cup,Munich,Germany,TRUE,2006,N,02-Mar,2006 Ivory Coast Serbia 3-2,25.52173913,3.422778845,27.60869565,3.257705975,CAF,UEFA,0.782608696,0.347826087,32,44
Serbia 2010,Australia 2010,Serbia,Australia,2010-06-23,2,1,FIFA World Cup,Nelspruit,South Africa,TRUE,2010,N,01-Feb,2010 Australia Serbia 2-1,28.43478261,3.751679466,25.95652174,3.125820051,AFC,UEFA,0.391304348,0.608695652,20,15
Serbia 2010,Germany 2010,Serbia,Germany,2010-06-18,0,1,FIFA World Cup,Port Elizabeth,South Africa,TRUE,2010,N,0-1,2010 Germany Serbia 0-1,24.95652174,4.061775931,25.95652174,3.125820051,UEFA,UEFA,1,0.608695652,6,15
Serbia 2018,CostaRica 2018,Serbia,CostaRica,2018-06-17,0,0,FIFA World Cup,Samara,Russia,TRUE,2018,N,0-0,2018 Costa Rica Serbia 0-0,29.08695652,3.752732865,26.26086957,4.673108672,CONCACAF,UEFA,0.272727273,0.565217391,25,35
Slovakia 2010,Netherlands 2010,Slovakia,Netherlands,2010-06-28,2,1,FIFA World Cup,Durban,South Africa,TRUE,2010,N,01-Feb,2010 Netherlands Slovakia 2-1,27.65217391,4.206150212,26.08695652,3.383288388,UEFA,UEFA,0.565217391,0.434782609,4,34
Slovakia 2010,NewZealand 2010,Slovakia,NewZealand,2010-06-15,1,1,FIFA World Cup,Rustenburg,South Africa,TRUE,2010,N,01-Jan,2010 New Zealand Slovakia 1-1,27.39130435,4.599793774,26.08695652,3.383288388,OFC,UEFA,0.217391304,0.434782609,78,34
Slovenia 2002,SouthAfrica 2002,Slovenia,SouthAfrica,2002-06-08,1,0,FIFA World Cup,Daegu,Korea Republic,TRUE,2002,N,1-0,2002 South Africa Slovenia 1-0,26.30434783,3.759047058,28,3.397860289,CAF,UEFA,0.260869565,0.304347826,37,25
Slovenia 2002,Spain 2002,Slovenia,Spain,2002-06-02,3,1,FIFA World Cup,Gwangju,Korea Republic,TRUE,2002,N,01-Mar,2002 Spain Slovenia 3-1,26.60869565,3.84635755,28,3.397860289,UEFA,UEFA,1,0.304347826,8,25
Slovenia 2010,Algeria 2010,Slovenia,Algeria,2010-06-13,0,1,FIFA World Cup,Polokwane,South Africa,TRUE,2010,N,0-1,2010 Algeria Slovenia 0-1,26.2173913,3.232737677,26.73913043,3.387374839,CAF,UEFA,0.695652174,0.47826087,30,25
SouthAfrica 1998,France 1998,SouthAfrica,France,1998-06-12,3,0,FIFA World Cup,Marseilles,France,FALSE,1998,H,3-0,1998 France South Africa 3-0,26.72727273,3.769322513,25.69565217,3.349827439,UEFA,CAF,1,0.260869565,18,24
SouthAfrica 2002,Paraguay 2002,SouthAfrica,Paraguay,2002-06-02,2,2,FIFA World Cup,Busan,Korea Republic,TRUE,2002,N,02-Feb,2002 Paraguay South Africa 2-2,27.60869565,4.207559544,26.30434783,3.759047058,CONMEBOL,CAF,0.130434783,0.260869565,18,37
Spain 1994,Italy 1994,Spain,Italy,1994-07-09,2,1,FIFA World Cup,Foxborough,USA,TRUE,1994,N,01-Feb,1994 Italy Spain 2-1,27.45454545,3.390845838,26.18181818,3.186823521,UEFA,UEFA,1,1,16,9
Spain 1994,Bolivia 1994,Spain,Bolivia,1994-06-27,1,3,FIFA World Cup,Chicago,USA,TRUE,1994,N,03-Jan,1994 Bolivia Spain 1-3,27.04545455,5.131390536,26.18181818,3.186823521,CONMEBOL,UEFA,0,1,43,9
Spain 1994,Germany 1994,Spain,Germany,1994-06-21,1,1,FIFA World Cup,Chicago,USA,TRUE,1994,N,01-Jan,1994 Germany Spain 1-1,28.54545455,2.906925601,26.18181818,3.186823521,UEFA,UEFA,1,1,2,9
Spain 2002,KoreaRepublic 2002,Spain,KoreaRepublic,2002-06-22,0,0,FIFA World Cup,Gwangju,Korea Republic,FALSE,2002,H,0-0,2002 Korea Republic Spain 0-0,26.69565217,4.193444913,26.60869565,3.84635755,AFC,UEFA,0.043478261,1,40,8
Spain 2002,SouthAfrica 2002,Spain,SouthAfrica,2002-06-12,2,3,FIFA World Cup,Daejeon,Korea Republic,TRUE,2002,N,03-Feb,2002 South Africa Spain 2-3,26.30434783,3.759047058,26.60869565,3.84635755,CAF,UEFA,0.260869565,1,37,8
Spain 2006,SaudiArabia 2006,Spain,SaudiArabia,2006-06-23,0,1,FIFA World Cup,Kaiserslautern,Germany,TRUE,2006,N,0-1,2006 Saudi Arabia Spain 0-1,26.39130435,3.614857352,25.60869565,3.786808808,AFC,UEFA,0,1,34,5
Spain 2010,Germany 2010,Spain,Germany,2010-07-07,0,1,FIFA World Cup,Durban,South Africa,TRUE,2010,N,0-1,2010 Germany Spain 0-1,24.95652174,4.061775931,25.91304348,3.32911459,UEFA,UEFA,1,1,6,2
Spain 2010,Chile 2010,Spain,Chile,2010-06-25,1,2,FIFA World Cup,Pretoria,South Africa,TRUE,2010,N,02-Jan,2010 Chile Spain 1-2,25.86956522,2.768398747,25.91304348,3.32911459,CONMEBOL,UEFA,0.347826087,1,18,2
Spain 2010,Paraguay 2010,Spain,Paraguay,2010-07-03,0,1,FIFA World Cup,Johannesburg,South Africa,TRUE,2010,N,0-1,2010 Paraguay Spain 0-1,28.13043478,3.584110741,25.91304348,3.32911459,CONMEBOL,UEFA,0.304347826,1,31,2
Spain 2010,Netherlands 2010,Spain,Netherlands,2010-07-11,0,1,FIFA World Cup,Johannesburg,South Africa,TRUE,2010,N,0-1,2010 Netherlands Spain 0-1,27.65217391,4.206150212,25.91304348,3.32911459,UEFA,UEFA,0.565217391,1,4,2
Spain 2014,Australia 2014,Spain,Australia,2014-06-23,0,3,FIFA World Cup,Curitiba,Brazil,TRUE,2014,N,0-3,2014 Australia Spain 0-3,25.7826087,4.209907381,27.7826087,3.26073781,AFC,UEFA,0.3125,1,59,1
Spain 2018,Iran 2018,Spain,Iran,2018-06-20,0,0,FIFA World Cup,Kazan,Russia,TRUE,2018,N,0-0,2018 Iran Spain 0-0,26.73913043,3.744297377,28,3.630677372,AFC,UEFA,0.055555556,1,36,8
Spain 2018,Portugal 2018,Spain,Portugal,2018-06-15,0,0,FIFA World Cup,Moscow,Russia,TRUE,2018,N,0-0,2018 Portugal Spain 0-0,27.91304348,5.062455777,28,3.630677372,UEFA,UEFA,0.5,1,4,8
Sweden 1994,Romania 1994,Sweden,Romania,1994-07-10,2,2,FIFA World Cup,Palo Alto,USA,TRUE,1994,N,02-Feb,1994 Romania Sweden 2-2,24.63636364,2.573592163,25.22727273,3.279544367,UEFA,UEFA,0.227272727,0.318181818,10,3
Sweden 1994,SaudiArabia 1994,Sweden,SaudiArabia,1994-07-03,1,3,FIFA World Cup,Dallas,USA,TRUE,1994,N,03-Jan,1994 Saudi Arabia Sweden 1-3,23.59090909,3.750036075,25.22727273,3.279544367,AFC,UEFA,0,0.318181818,35,3
Sweden 1994,Cameroon 1994,Sweden,Cameroon,1994-06-19,2,2,FIFA World Cup,Pasadena,USA,TRUE,1994,N,02-Feb,1994 Cameroon Sweden 2-2,27.04545455,6.440033072,25.22727273,3.279544367,CAF,UEFA,0.272727273,0.318181818,24,3
Sweden 1994,Brazil 1994,Sweden,Brazil,1994-06-28,1,1,FIFA World Cup,Pontiac,USA,TRUE,1994,N,01-Jan,1994 Brazil Sweden 1-1,27.40909091,3.500463791,25.22727273,3.279544367,CONMEBOL,UEFA,0.454545455,0.318181818,1,3
Sweden 2002,England 2002,Sweden,England,2002-06-02,1,1,FIFA World Cup,Saitama,Japan,TRUE,2002,N,01-Jan,2002 England Sweden 1-1,26.65217391,5.440660853,26.73913043,3.683098884,UEFA,UEFA,1,0.47826087,12,19
Sweden 2006,Germany 2006,Sweden,Germany,2006-06-24,2,0,FIFA World Cup,Munich,Germany,FALSE,2006,H,2-0,2006 Germany Sweden 2-0,26.39130435,4.915089294,27.47826087,3.776356652,UEFA,UEFA,1,0.347826087,19,16
Sweden 2006,TrinidadandTobago 2006,Sweden,TrinidadandTobago,2006-06-10,0,0,FIFA World Cup,Dortmund,Germany,TRUE,2006,N,0-0,2006 Trinidad and Tobago Sweden 0-0,29,4.66125227,27.47826087,3.776356652,CONCACAF,UEFA,0.391304348,0.347826087,47,16
Sweden 2018,Mexico 2018,Sweden,Mexico,2018-06-27,0,0,FIFA World Cup,Yekaterinburg,Russia,TRUE,2018,N,0-0,2018 Mexico Sweden 0-0,28.86956522,4.64468756,27.73913043,2.988118765,CONCACAF,UEFA,0.25,0.761904762,15,23
Sweden 2018,Germany 2018,Sweden,Germany,2018-06-23,0,0,FIFA World Cup,Sochi,Russia,TRUE,2018,N,0-0,2018 Germany Sweden 0-0,26.69565217,3.125187741,27.73913043,2.988118765,UEFA,UEFA,1,0.761904762,1,23
Switzerland 1994,UnitedStates 1994,Switzerland,UnitedStates,1994-06-18,1,1,FIFA World Cup,Pontiac,USA,FALSE,1994,H,01-Jan,1994 USA Switzerland 1-1,26.31818182,3.871585914,27.81818182,3.800205053,CONCACAF,UEFA,0.545454545,0.181818182,23,8
Switzerland 1994,Spain 1994,Switzerland,Spain,1994-07-02,3,0,FIFA World Cup,Washington,USA,TRUE,1994,N,3-0,1994 Spain Switzerland 3-0,26.18181818,3.186823521,27.81818182,3.800205053,UEFA,UEFA,1,0.181818182,9,8
Switzerland 1994,Romania 1994,Switzerland,Romania,1994-06-22,1,4,FIFA World Cup,Pontiac,USA,TRUE,1994,N,04-Jan,1994 Romania Switzerland 1-4,24.63636364,2.573592163,27.81818182,3.800205053,UEFA,UEFA,0.227272727,0.181818182,10,8
Switzerland 2006,France 2006,Switzerland,France,2006-06-13,0,0,FIFA World Cup,Stuttgart,Germany,TRUE,2006,N,0-0,2006 France Switzerland 0-0,28.52173913,3.409472969,25.26086957,3.968253466,UEFA,UEFA,1,0.652173913,8,35
Switzerland 2006,Togo 2006,Switzerland,Togo,2006-06-19,0,2,FIFA World Cup,Dortmund,Germany,TRUE,2006,N,0-2,2006 Togo Switzerland 0-2,25.30434783,3.110609157,25.26086957,3.968253466,CAF,UEFA,0.565217391,0.652173913,61,35
Switzerland 2010,Chile 2010,Switzerland,Chile,2010-06-21,1,0,FIFA World Cup,Port Elizabeth,South Africa,TRUE,2010,N,1-0,2010 Chile Switzerland 1-0,25.86956522,2.768398747,26.65217391,3.984158354,CONMEBOL,UEFA,0.347826087,0.652173913,18,24
Switzerland 2010,Spain 2010,Switzerland,Spain,2010-06-16,0,1,FIFA World Cup,Durban,South Africa,TRUE,2010,N,0-1,2010 Spain Switzerland 0-1,25.91304348,3.32911459,26.65217391,3.984158354,UEFA,UEFA,1,0.652173913,2,24
Switzerland 2014,Honduras 2014,Switzerland,Honduras,2014-06-25,0,3,FIFA World Cup,Manaus,Brazil,TRUE,2014,N,0-3,2014 Honduras Switzerland 0-3,28.04347826,3.932522638,25.60869565,3.40773359,CONCACAF,UEFA,0.2,0.8,30,8
Switzerland 2014,Argentina 2014,Switzerland,Argentina,2014-07-01,1,0,FIFA World Cup,S?úo Paulo,Brazil,TRUE,2014,N,1-0,2014 Argentina Switzerland 1-0,28.52173913,2.711416356,25.60869565,3.40773359,CONMEBOL,UEFA,0.695652174,0.8,7,8
Switzerland 2018,Serbia 2018,Switzerland,Serbia,2018-06-22,0,0,FIFA World Cup,Oktyabrsky,Russia,TRUE,2018,N,0-0,2018 Serbia Switzerland 0-0,26.26086957,4.673108672,26.65217391,3.712493595,UEFA,UEFA,0.565217391,0.846153846,35,6
Switzerland 2018,Brazil 2018,Switzerland,Brazil,2018-06-17,0,0,FIFA World Cup,Rostov,Russia,TRUE,2018,N,0-0,2018 Brazil Switzerland 0-0,28.13043478,3.375100643,26.65217391,3.712493595,CONMEBOL,UEFA,0.772727273,0.846153846,2,6
Togo 2006,KoreaRepublic 2006,Togo,KoreaRepublic,2006-06-13,2,1,FIFA World Cup,Frankfurt am Main,Germany,TRUE,2006,N,01-Feb,2006 Korea Republic Togo 2-1,26,4.03394686,25.30434783,3.110609157,AFC,CAF,0.173913043,0.565217391,29,61
TrinidadandTobago 2006,Paraguay 2006,TrinidadandTobago,Paraguay,2006-06-20,2,0,FIFA World Cup,Kaiserslautern,Germany,TRUE,2006,N,2-0,2006 Paraguay Trinidad and Tobago 2-0,26.69565217,4.415209072,29,4.66125227,CONMEBOL,CONCACAF,0.304347826,0.391304348,33,47
TrinidadandTobago 2006,England 2006,TrinidadandTobago,England,2006-06-15,2,0,FIFA World Cup,Nuremberg,Germany,TRUE,2006,N,2-0,2006 England Trinidad and Tobago 2-0,25.26086957,4.255663513,29,4.66125227,UEFA,CONCACAF,1,0.391304348,10,47
Tunisia 1998,Romania 1998,Tunisia,Romania,1998-06-26,1,1,FIFA World Cup,Saint-Denis,France,TRUE,1998,N,01-Jan,1998 Romania Tunisia 1-1,27.95454545,3.344893375,26.31818182,3.357810563,UEFA,AFC,0.363636364,0.181818182,22,21
Tunisia 1998,Colombia 1998,Tunisia,Colombia,1998-06-22,1,0,FIFA World Cup,Montpellier,France,TRUE,1998,N,1-0,1998 Colombia Tunisia 1-0,27.59090909,3.88720846,26.31818182,3.357810563,CONMEBOL,AFC,0.136363636,0.181818182,10,21
Tunisia 1998,England 1998,Tunisia,England,1998-06-15,2,0,FIFA World Cup,Marseilles,France,TRUE,1998,N,2-0,1998 England Tunisia 2-0,27.54545455,4.415635345,26.31818182,3.357810563,UEFA,AFC,1,0.181818182,5,21
Tunisia 2002,Japan 2002,Tunisia,Japan,2002-06-14,2,0,FIFA World Cup,Osaka,Japan,FALSE,2002,H,2-0,2002 Japan Tunisia 2-0,25.26086957,3.048358594,27.04347826,3.535254406,AFC,AFC,0.130434783,0.260869565,32,31
Tunisia 2002,Russia 2002,Tunisia,Russia,2002-06-05,2,0,FIFA World Cup,Kobe,Japan,TRUE,2002,N,2-0,2002 Russia Tunisia 2-0,27.30434783,5.07610071,27.04347826,3.535254406,UEFA,AFC,0.260869565,0.260869565,28,31
Tunisia 2006,Ukraine 2006,Tunisia,Ukraine,2006-06-23,1,0,FIFA World Cup,Berlin,Germany,TRUE,2006,N,1-0,2006 Ukraine Tunisia 1-0,26.04166667,3.90628442,26.91304348,4.699255681,UEFA,AFC,0.083333333,0.47826087,45,21
Tunisia 2006,Spain 2006,Tunisia,Spain,2006-06-19,3,1,FIFA World Cup,Stuttgart,Germany,TRUE,2006,N,01-Mar,2006 Spain Tunisia 3-1,25.60869565,3.786808808,26.91304348,4.699255681,UEFA,AFC,1,0.47826087,5,21
Tunisia 2018,Belgium 2018,Tunisia,Belgium,2018-06-23,0,0,FIFA World Cup,Moscow,Russia,TRUE,2018,N,0-0,2018 Belgium Tunisia 0-0,27.13043478,3.152262504,26,3.16227766,UEFA,AFC,0.846153846,0.3,3,14
Tunisia 2018,Panama 2018,Tunisia,Panama,2018-06-28,0,0,FIFA World Cup,Saransk,Russia,TRUE,2018,N,0-0,2018 Panama Tunisia 0-0,28.82608696,5.25402161,26,3.16227766,CONCACAF,AFC,0,0.3,55,14
Turkey 2002,CostaRica 2002,Turkey,CostaRica,2002-06-09,1,1,FIFA World Cup,Incheon,Korea Republic,TRUE,2002,N,01-Jan,2002 Costa Rica Turkey 1-1,26.95652174,4.183063915,27.56521739,3.130873926,CONCACAF,UEFA,0.086956522,0.391304348,29,22
Turkey 2002,Brazil 2002,Turkey,Brazil,2002-06-26,1,0,FIFA World Cup,Saitama,Japan,TRUE,2002,N,1-0,2002 Brazil Turkey 1-0,26.17391304,2.933384237,27.56521739,3.130873926,CONMEBOL,UEFA,0.434782609,0.391304348,2,22
Turkey 2002,KoreaRepublic 2002,Turkey,KoreaRepublic,2002-06-29,2,3,FIFA World Cup,Daegu,Korea Republic,FALSE,2002,H,03-Feb,2002 Korea Republic Turkey 2-3,26.69565217,4.193444913,27.56521739,3.130873926,AFC,UEFA,0.043478261,0.391304348,40,22
Turkey 2002,Japan 2002,Turkey,Japan,2002-06-18,0,1,FIFA World Cup,Rifu,Japan,FALSE,2002,H,0-1,2002 Japan Turkey 0-1,25.26086957,3.048358594,27.56521739,3.130873926,AFC,UEFA,0.130434783,0.391304348,32,22
Turkey 2002,Brazil 2002,Turkey,Brazil,2002-06-03,2,1,FIFA World Cup,Ulsan,Korea Republic,TRUE,2002,N,01-Feb,2002 Brazil Turkey 2-1,26.17391304,2.933384237,27.56521739,3.130873926,CONMEBOL,UEFA,0.434782609,0.391304348,2,22
Turkey 2002,Senegal 2002,Turkey,Senegal,2002-06-22,0,1,FIFA World Cup,Osaka,Japan,TRUE,2002,N,0-1,2002 Senegal Turkey 0-1,25.04347826,3.698627029,27.56521739,3.130873926,CAF,UEFA,0.913043478,0.391304348,42,22
Ukraine 2006,Spain 2006,Ukraine,Spain,2006-06-14,4,0,FIFA World Cup,Leipzig,Germany,TRUE,2006,N,4-0,2006 Spain Ukraine 4-0,25.60869565,3.786808808,26.04166667,3.90628442,UEFA,UEFA,1,0.083333333,5,45
Ukraine 2006,Italy 2006,Ukraine,Italy,2006-06-30,3,0,FIFA World Cup,Hamburg,Germany,TRUE,2006,N,3-0,2006 Italy Ukraine 3-0,28.2173913,3.274648097,26.04166667,3.90628442,UEFA,UEFA,1,0.083333333,13,45
Ukraine 2006,Switzerland 2006,Ukraine,Switzerland,2006-06-26,0,0,FIFA World Cup,Cologne,Germany,TRUE,2006,N,0-0,2006 Switzerland Ukraine 0-0,25.26086957,3.968253466,26.04166667,3.90628442,UEFA,UEFA,0.652173913,0.083333333,35,45
Ukraine 2006,SaudiArabia 2006,Ukraine,SaudiArabia,2006-06-19,0,4,FIFA World Cup,Hamburg,Germany,TRUE,2006,N,0-4,2006 Saudi Arabia Ukraine 0-4,26.39130435,3.614857352,26.04166667,3.90628442,AFC,UEFA,0,0.083333333,34,45
UnitedStates 1998,Germany 1998,UnitedStates,Germany,1998-06-15,2,0,FIFA World Cup,Paris,France,TRUE,1998,N,2-0,1998 Germany USA 2-0,29.77272727,3.598039389,28.27272727,3.39722321,UEFA,CONCACAF,1,0.227272727,2,11
UnitedStates 2002,Mexico 2002,UnitedStates,Mexico,2002-06-17,0,2,FIFA World Cup,Jeonju,Korea Republic,TRUE,2002,N,0-2,2002 Mexico USA 0-2,28.52173913,3.369240071,28.26086957,4.103406471,CONCACAF,CONCACAF,0.173913043,0.434782609,7,13
UnitedStates 2002,Germany 2002,UnitedStates,Germany,2002-06-21,1,0,FIFA World Cup,Ulsan,Korea Republic,TRUE,2002,N,1-0,2002 Germany USA 1-0,27.65217391,3.524056233,28.26086957,4.103406471,UEFA,CONCACAF,1,0.434782609,11,13
UnitedStates 2002,KoreaRepublic 2002,UnitedStates,KoreaRepublic,2002-06-10,1,1,FIFA World Cup,Daegu,Korea Republic,FALSE,2002,H,01-Jan,2002 Korea Republic USA 1-1,26.69565217,4.193444913,28.26086957,4.103406471,AFC,CONCACAF,0.043478261,0.434782609,40,13
UnitedStates 2002,Poland 2002,UnitedStates,Poland,2002-06-14,3,1,FIFA World Cup,Daejeon,Korea Republic,TRUE,2002,N,01-Mar,2002 Poland USA 3-1,28.43478261,2.809498288,28.26086957,4.103406471,UEFA,CONCACAF,0.434782609,0.434782609,38,13
UnitedStates 2006,Ghana 2006,UnitedStates,Ghana,2006-06-22,2,1,FIFA World Cup,Nuremberg,Germany,TRUE,2006,N,01-Feb,2006 Ghana USA 2-1,24.60869565,2.934731371,28.26086957,3.804511572,CAF,CONCACAF,0.347826087,0.434782609,48,5
UnitedStates 2006,Italy 2006,UnitedStates,Italy,2006-06-17,1,1,FIFA World Cup,Kaiserslautern,Germany,TRUE,2006,N,01-Jan,2006 Italy USA 1-1,28.2173913,3.274648097,28.26086957,3.804511572,UEFA,CONCACAF,1,0.434782609,13,5
UnitedStates 2010,England 2010,UnitedStates,England,2010-06-12,1,1,FIFA World Cup,Rustenburg,South Africa,TRUE,2010,N,01-Jan,2010 England USA 1-1,28.43478261,3.539723756,26.86956522,3.76954721,UEFA,CONCACAF,1,0.565217391,8,14
UnitedStates 2010,Slovenia 2010,UnitedStates,Slovenia,2010-06-18,2,2,FIFA World Cup,Johannesburg,South Africa,TRUE,2010,N,02-Feb,2010 Slovenia USA 2-2,26.73913043,3.387374839,26.86956522,3.76954721,UEFA,CONCACAF,0.47826087,0.565217391,25,14
UnitedStates 2014,Belgium 2014,UnitedStates,Belgium,2014-07-01,2,1,FIFA World Cup,Salvador,Brazil,TRUE,2014,N,01-Feb,2014 Belgium USA 2-1,25.47826087,3.641547688,27.30434783,4.537067361,UEFA,CONCACAF,0.727272727,0.470588235,12,14
UnitedStates 2014,Ghana 2014,UnitedStates,Ghana,2014-06-16,1,2,FIFA World Cup,Natal,Brazil,TRUE,2014,N,02-Jan,2014 Ghana USA 1-2,24.91304348,2.712145134,27.30434783,4.537067361,CAF,CONCACAF,0.625,0.470588235,38,14
Uruguay 2002,Senegal 2002,Uruguay,Senegal,2002-06-11,3,3,FIFA World Cup,Suwon,Korea Republic,TRUE,2002,N,03-Mar,2002 Senegal Uruguay 3-3,25.04347826,3.698627029,25.30434783,2.49426219,CAF,CONMEBOL,0.913043478,0.608695652,42,24
Uruguay 2002,France 2002,Uruguay,France,2002-06-06,0,0,FIFA World Cup,Busan,Korea Republic,TRUE,2002,N,0-0,2002 France Uruguay 0-0,28.26086957,3.695419663,25.30434783,2.49426219,UEFA,CONMEBOL,1,0.608695652,1,24
Uruguay 2010,SouthAfrica 2010,Uruguay,SouthAfrica,2010-06-16,0,3,FIFA World Cup,Pretoria,South Africa,FALSE,2010,H,0-3,2010 South Africa Uruguay 0-3,26.91304348,3.14661497,26.73913043,3.683098884,CAF,CONMEBOL,0.130434783,0.347826087,83,16
Uruguay 2010,Mexico 2010,Uruguay,Mexico,2010-06-22,0,1,FIFA World Cup,Rustenburg,South Africa,TRUE,2010,N,0-1,2010 Mexico Uruguay 0-1,27.17391304,4.987731985,26.73913043,3.683098884,CONCACAF,CONMEBOL,0.217391304,0.347826087,17,16
Uruguay 2014,Italy 2014,Uruguay,Italy,2014-06-24,0,1,FIFA World Cup,Natal,Brazil,TRUE,2014,N,0-1,2014 Italy Uruguay 0-1,27.39130435,4.218348777,28.08695652,3.860205405,UEFA,CONMEBOL,1,0.590909091,9,6
Uruguay 2014,Colombia 2014,Uruguay,Colombia,2014-06-28,2,0,FIFA World Cup,Rio de Janeiro,Brazil,TRUE,2014,N,2-0,2014 Colombia Uruguay 2-0,26.95652174,4.866193779,28.08695652,3.860205405,CONMEBOL,CONMEBOL,0.565217391,0.590909091,5,6
Uruguay 2018,Egypt 2018,Uruguay,Egypt,2018-06-15,0,0,FIFA World Cup,Yekaterinburg,Russia,TRUE,2018,N,0-0,2018 Egypt Uruguay 0-0,28.43478261,5.052686837,27.73913043,4.453980766,CAF,CONMEBOL,0.363636364,0.47826087,46,17
